datetime,open,high,low,close,volume
2026-02-02T10:00:00+00:00,6902.6,6906.85,6891.74,6894.75,9998
2026-02-02T11:00:00+00:00,6894.75,6914.5,6893.35,6908.98,7626
2026-02-02T12:00:00+00:00,6908.98,6922.25,6908.48,6913.75,8376
2026-02-02T13:00:00+00:00,6913.75,6922.24,6906.99,6919.74,11901
2026-02-02T14:00:00+00:00,6919.74,6963.8,6918.74,6951.26,43938
2026-02-02T15:00:00+00:00,6951.26,6983.05,6948.28,6972.54,33693
2026-02-02T16:00:00+00:00,6972.54,6983.8,6964.29,6982.78,19479
2026-02-02T17:00:00+00:00,6982.78,6994.79,6981.55,6989.28,9468
2026-02-02T18:00:00+00:00,6989.28,6993.04,6981.77,6990.28,6852
2026-02-02T19:00:00+00:00,6990.28,6994.28,6978.78,6980.28,8377
2026-02-02T20:00:00+00:00,6980.28,6990.05,6975.53,6980.54,20232
2026-02-02T21:00:00+00:00,6980.54,6984.5,6974.99,6980.59,5049
2026-02-02T23:00:00+00:00,6980.59,7001.56,6980.59,6994.68,4587
2026-02-03T00:00:00+00:00,6994.68,7002.45,6988.7,6997.56,4883
2026-02-03T01:00:00+00:00,6997.56,7002.95,6994.18,6996.56,4091
2026-02-03T02:00:00+00:00,6996.56,6996.68,6987.43,6991.93,5363
2026-02-03T03:00:00+00:00,6991.93,6998.2,6989.93,6996.68,4280
2026-02-03T04:00:00+00:00,6996.68,7002.2,6995.94,7001.45,1911
2026-02-03T05:00:00+00:00,7001.45,7002.69,6995.2,7000.68,2569
2026-02-03T06:00:00+00:00,7000.68,7003.7,6998.19,7000.94,2312
2026-02-03T07:00:00+00:00,7000.94,7005.2,6998.18,7002.94,2911
2026-02-03T08:00:00+00:00,7002.94,7006.68,6995.44,6996.69,7091
2026-02-03T09:00:00+00:00,6996.69,7002.44,6991.43,6993.56,6457
2026-02-03T10:00:00+00:00,6993.56,6997.45,6989.43,6990.68,3555
2026-02-03T11:00:00+00:00,6990.68,6992.81,6986.18,6990.18,4688
2026-02-03T12:00:00+00:00,6990.18,7002.45,6987.19,6999.43,5065
2026-02-03T13:00:00+00:00,6999.43,7000.93,6994.18,6994.7,5740
2026-02-03T14:00:00+00:00,6994.7,6996.25,6959.48,6961.12,46201
2026-02-03T15:00:00+00:00,6961.12,6963.25,6933.73,6957.25,74174
2026-02-03T16:00:00+00:00,6957.25,6958,6928.25,6932.25,42051
2026-02-03T17:00:00+00:00,6932.25,6933.25,6899.49,6902.48,40427
2026-02-03T18:00:00+00:00,6902.48,6911,6873.73,6874,29770
2026-02-03T19:00:00+00:00,6874,6897.75,6865.72,6893.73,52901
2026-02-03T20:00:00+00:00,6893.73,6923.5,6888.24,6920.23,28923
2026-02-03T21:00:00+00:00,6920.23,6925.2,6911.18,6918.16,9410
2026-02-03T23:00:00+00:00,6918.16,6924.66,6911.64,6922.78,3931
2026-02-04T00:00:00+00:00,6922.78,6923.91,6913.64,6914.39,6870
2026-02-04T01:00:00+00:00,6914.39,6927.16,6914.39,6924.64,8578
2026-02-04T02:00:00+00:00,6924.64,6931.41,6919.91,6922.91,6729
2026-02-04T03:00:00+00:00,6922.91,6929.9,6920.89,6927.16,6019
2026-02-04T04:00:00+00:00,6927.16,6928.66,6924.14,6926.41,2618
2026-02-04T05:00:00+00:00,6926.41,6929.16,6922.14,6928.89,2592
2026-02-04T06:00:00+00:00,6928.89,6939.41,6927.41,6935.4,3202
2026-02-04T07:00:00+00:00,6935.4,6941.16,6934.39,6939.14,2686
2026-02-04T08:00:00+00:00,6939.14,6940.16,6921.39,6926.39,11879
2026-02-04T09:00:00+00:00,6926.39,6930.66,6912.65,6921.01,11660
2026-02-04T10:00:00+00:00,6921.01,6934.41,6919.15,6930.41,7629
2026-02-04T11:00:00+00:00,6930.41,6945.41,6927.66,6941.39,6979
2026-02-04T12:00:00+00:00,6941.39,6945.14,6930.64,6932.41,7670
2026-02-04T13:00:00+00:00,6932.41,6939.41,6924.89,6926.64,11916
2026-02-04T14:00:00+00:00,6926.64,6940.83,6904.32,6908.06,66977
2026-02-04T15:00:00+00:00,6908.06,6934.71,6890.94,6911.96,126780
2026-02-04T16:00:00+00:00,6911.96,6914.95,6868.95,6891.46,61275
2026-02-04T17:00:00+00:00,6891.46,6896.7,6842.94,6862.19,60411
2026-02-04T18:00:00+00:00,6862.19,6880.71,6848.67,6871.96,53063
2026-02-04T19:00:00+00:00,6871.96,6910.69,6859.19,6908.46,52824
2026-02-04T20:00:00+00:00,6908.46,6910.69,6882.19,6886.96,32159
2026-02-04T21:00:00+00:00,6886.96,6921.65,6872.41,6909,22440
2026-02-04T23:00:00+00:00,6909,6910.6,6895.35,6900.08,5087
2026-02-05T00:00:00+00:00,6900.08,6911.96,6893.33,6906.35,6953
2026-02-05T01:00:00+00:00,6906.35,6916.83,6905.33,6912.59,11718
2026-02-05T02:00:00+00:00,6912.59,6914.35,6877.33,6878.47,23405
2026-02-05T03:00:00+00:00,6878.47,6890.85,6870.58,6872.97,21201
2026-02-05T04:00:00+00:00,6872.97,6888.6,6869.6,6885.84,13640
2026-02-05T05:00:00+00:00,6885.84,6890.6,6875.58,6882.09,12613
2026-02-05T06:00:00+00:00,6882.09,6895.35,6881.59,6894.59,9932
2026-02-05T07:00:00+00:00,6894.59,6898.85,6889.08,6889.85,8479
2026-02-05T08:00:00+00:00,6889.85,6905.6,6882.58,6882.58,18766
2026-02-05T09:00:00+00:00,6882.58,6900.35,6877.08,6887.1,16370
2026-02-05T10:00:00+00:00,6887.1,6899.95,6884.85,6889.58,9916
2026-02-05T11:00:00+00:00,6889.58,6898.35,6886.09,6896.59,10260
2026-02-05T12:00:00+00:00,6896.59,6902.35,6838.08,6852.09,34861
2026-02-05T13:00:00+00:00,6852.09,6861.2,6837.08,6838.83,30710
2026-02-05T14:00:00+00:00,6838.83,6862.9,6813.25,6831.88,110426
2026-02-05T15:00:00+00:00,6831.88,6839.9,6784.63,6798.89,130965
2026-02-05T16:00:00+00:00,6798.89,6841.15,6783.5,6837.9,84109
2026-02-05T17:00:00+00:00,6837.9,6851.9,6815.38,6830.13,62540
2026-02-05T18:00:00+00:00,6830.13,6838.9,6802.38,6808.63,43822
2026-02-05T19:00:00+00:00,6808.63,6840.64,6805.63,6816.4,42321
2026-02-05T20:00:00+00:00,6816.4,6834.65,6787.14,6799.65,42682
2026-02-05T21:00:00+00:00,6799.65,6809.86,6766.84,6770.68,32176
2026-02-05T23:00:00+00:00,6770.68,6777.85,6747.58,6754.84,12272
2026-02-06T00:00:00+00:00,6754.84,6767.6,6735.08,6765.85,21779
2026-02-06T01:00:00+00:00,6765.85,6788.08,6752.33,6786.84,20226
2026-02-06T02:00:00+00:00,6786.84,6794.1,6781.95,6787.6,15469
2026-02-06T03:00:00+00:00,6787.6,6791.85,6773.33,6784.6,12757
2026-02-06T04:00:00+00:00,6784.6,6784.83,6765.83,6771.1,10024
2026-02-06T05:00:00+00:00,6771.1,6797.08,6765.6,6793.83,12124
2026-02-06T06:00:00+00:00,6793.83,6799.6,6787.33,6788.6,7583
2026-02-06T07:00:00+00:00,6788.6,6794.84,6781.09,6792.95,8293
2026-02-06T08:00:00+00:00,6792.95,6804.35,6780.34,6799.83,19108
2026-02-06T09:00:00+00:00,6799.83,6832.34,6794.83,6826.72,17381
2026-02-06T10:00:00+00:00,6826.72,6833.35,6818.59,6832.6,9299
2026-02-06T11:00:00+00:00,6832.6,6853.35,6831.85,6849.2,10030
2026-02-06T12:00:00+00:00,6849.2,6850.97,6829.12,6833.59,11550
2026-02-06T13:00:00+00:00,6833.59,6847.85,6830.21,6840.35,14790
2026-02-06T14:00:00+00:00,6840.35,6890.65,6833.9,6873.1,87595
2026-02-06T15:00:00+00:00,6873.1,6896.15,6856.39,6883.39,123827
2026-02-06T16:00:00+00:00,6883.39,6905.89,6879.63,6900.15,30494
2026-02-06T17:00:00+00:00,6900.15,6921.13,6896.89,6915.14,18537
2026-02-06T18:00:00+00:00,6915.14,6922.4,6911.63,6915.89,11245
2026-02-06T19:00:00+00:00,6915.89,6923.4,6913.13,6919.15,9878
2026-02-06T20:00:00+00:00,6919.15,6948.9,6916.63,6932.65,13533
2026-02-06T21:00:00+00:00,6932.65,6935.6,6926.2,6929.19,4548
2026-02-08T23:00:00+00:00,6929.19,6962.31,6929.19,6957.17,9188
2026-02-09T00:00:00+00:00,6957.17,6963.94,6952.19,6953.94,13591
2026-02-09T01:00:00+00:00,6953.94,6954.31,6942.44,6945.68,13825
2026-02-09T02:00:00+00:00,6945.68,6951.93,6942.42,6945.92,8871
2026-02-09T03:00:00+00:00,6945.92,6948.43,6940.93,6941.43,7443
2026-02-09T04:00:00+00:00,6941.43,6947.19,6941.43,6943.18,4197
2026-02-09T05:00:00+00:00,6943.18,6948.44,6941.18,6947.44,4675
2026-02-09T06:00:00+00:00,6947.44,6948.17,6937.43,6939.17,11012
2026-02-09T07:00:00+00:00,6939.17,6941.18,6931.17,6937.69,5377
2026-02-09T08:00:00+00:00,6937.69,6949.96,6936.43,6940.43,10036
2026-02-09T09:00:00+00:00,6940.43,6944.44,6925.56,6928.04,8209
2026-02-09T10:00:00+00:00,6928.04,6929.17,6905.17,6919.92,11922
2026-02-09T11:00:00+00:00,6919.92,6923.93,6915.17,6919.17,8471
2026-02-09T12:00:00+00:00,6919.17,6930.19,6912.69,6930.17,9082
2026-02-09T13:00:00+00:00,6930.17,6938.42,6921.67,6922.69,8808
2026-02-09T14:00:00+00:00,6922.69,6941.74,6908.48,6929.99,64227
2026-02-09T15:00:00+00:00,6929.99,6970.24,6927.97,6967.99,34169
2026-02-09T16:00:00+00:00,6967.99,6981.74,6966.22,6979.72,10271
2026-02-09T17:00:00+00:00,6979.72,6982.24,6970.48,6971.47,7606
2026-02-09T18:00:00+00:00,6971.47,6977.99,6961.47,6972.49,15816
2026-02-09T19:00:00+00:00,6972.49,6984.74,6970.72,6979.98,6232
2026-02-09T20:00:00+00:00,6979.98,6982.99,6964.22,6964.74,11825
2026-02-09T21:00:00+00:00,6964.74,6970.94,6964.42,6968.27,3104
2026-02-09T23:00:00+00:00,6968.27,6973.99,6960.37,6963.39,4036
2026-02-10T00:00:00+00:00,6963.39,6966.39,6958.37,6962.63,4649
2026-02-10T01:00:00+00:00,6962.63,6967.64,6957.87,6965.13,8264
2026-02-10T02:00:00+00:00,6965.13,6965.38,6957.37,6960.88,5180
2026-02-10T03:00:00+00:00,6960.88,6963.39,6956.87,6961.14,2576
2026-02-10T04:00:00+00:00,6961.14,6968.87,6961.01,6968.38,1772
2026-02-10T05:00:00+00:00,6968.38,6970.64,6962.64,6969.37,3181
2026-02-10T06:00:00+00:00,6969.37,6969.63,6958.88,6962.38,2709
2026-02-10T07:00:00+00:00,6962.38,6969.39,6961.62,6969.39,3117
2026-02-10T08:00:00+00:00,6969.39,6972.14,6963.87,6969.89,9034
2026-02-10T09:00:00+00:00,6969.89,6982.13,6969.74,6973.39,5891
2026-02-10T10:00:00+00:00,6973.39,6976.87,6969.37,6973.64,6200
2026-02-10T11:00:00+00:00,6973.64,6976.89,6969.12,6976.14,4297
2026-02-10T12:00:00+00:00,6976.14,6980.88,6962.12,6962.38,7874
2026-02-10T13:00:00+00:00,6962.38,6968.89,6955.12,6968.39,12370
2026-02-10T14:00:00+00:00,6968.39,6986.44,6959.67,6982.69,36239
2026-02-10T15:00:00+00:00,6982.69,6990.8,6971.92,6978.93,35467
2026-02-10T16:00:00+00:00,6978.93,6981.94,6966.17,6972.92,27510
2026-02-10T17:00:00+00:00,6972.92,6983.44,6967.17,6979.93,12133
2026-02-10T18:00:00+00:00,6979.93,6980.18,6953.43,6961.43,20518
2026-02-10T19:00:00+00:00,6961.43,6966.68,6956.43,6962.92,12955
2026-02-10T20:00:00+00:00,6962.92,6965.18,6941.42,6945.67,13631
2026-02-10T21:00:00+00:00,6945.67,6955.39,6943.87,6954.98,2816
2026-02-10T23:00:00+00:00,6954.98,6961.11,6954.98,6959.74,1745
2026-02-11T00:00:00+00:00,6959.74,6963.74,6958.98,6962.74,1420
2026-02-11T01:00:00+00:00,6962.74,6968.73,6962.74,6966.48,1916
2026-02-11T02:00:00+00:00,6966.48,6968.24,6964.47,6966.97,1580
2026-02-11T03:00:00+00:00,6966.97,6971.23,6964.22,6970.22,1243
2026-02-11T04:00:00+00:00,6970.22,6970.74,6962.47,6964.73,1720
2026-02-11T05:00:00+00:00,6964.73,6968.24,6959.97,6961.49,2093
2026-02-11T06:00:00+00:00,6961.49,6965.74,6958.47,6958.97,3246
2026-02-11T07:00:00+00:00,6958.97,6962.74,6955.98,6959.24,2965
2026-02-11T08:00:00+00:00,6959.24,6960.99,6948.97,6957.74,8457
2026-02-11T09:00:00+00:00,6957.74,6962.99,6950.72,6950.97,7816
2026-02-11T10:00:00+00:00,6950.97,6951.24,6937.98,6949.48,10088
2026-02-11T11:00:00+00:00,6949.48,6958.48,6948.48,6948.73,6714
2026-02-11T12:00:00+00:00,6948.73,6956.24,6948.22,6952.47,9043
2026-02-11T13:00:00+00:00,6952.47,6991.24,6951.59,6989.73,21012
2026-02-11T14:00:00+00:00,6989.73,6996.53,6962.52,6966.29,60927
2026-02-11T15:00:00+00:00,6966.29,6972.54,6916.29,6948.14,93689
2026-02-11T16:00:00+00:00,6948.14,6959.29,6938.27,6945.27,48987
2026-02-11T17:00:00+00:00,6945.27,6964.79,6938.52,6952.28,35776
2026-02-11T18:00:00+00:00,6952.28,6954.79,6938.77,6952.03,30848
2026-02-11T19:00:00+00:00,6952.03,6964.29,6945.78,6953.77,22284
2026-02-11T20:00:00+00:00,6953.77,6955.54,6942.76,6944.03,18434
2026-02-11T21:00:00+00:00,6944.03,6952.85,6943.48,6948.08,5124
2026-02-11T23:00:00+00:00,6948.08,6953.72,6937.59,6942.59,5536
2026-02-12T00:00:00+00:00,6942.59,6949.86,6938.36,6948.86,5751
2026-02-12T01:00:00+00:00,6948.86,6959.36,6945.34,6955.85,7662
2026-02-12T02:00:00+00:00,6955.85,6958.36,6950.84,6956.86,4939
2026-02-12T03:00:00+00:00,6956.86,6963.11,6955.59,6962.34,2886
2026-02-12T04:00:00+00:00,6962.34,6968.36,6961.34,6965.09,2394
2026-02-12T05:00:00+00:00,6965.09,6969.36,6965.09,6967.61,2016
2026-02-12T06:00:00+00:00,6967.61,6968.11,6957.84,6961.59,4932
2026-02-12T07:00:00+00:00,6961.59,6968.11,6960.85,6966.84,3497
2026-02-12T08:00:00+00:00,6966.84,6970.11,6960.09,6966.86,9454
2026-02-12T09:00:00+00:00,6966.86,6970.35,6964.09,6968.61,6144
2026-02-12T10:00:00+00:00,6968.61,6971.36,6961.36,6964.61,4500
2026-02-12T11:00:00+00:00,6964.61,6969.61,6963.84,6968.61,3405
2026-02-12T12:00:00+00:00,6968.61,6971.85,6964.09,6965.36,4648
2026-02-12T13:00:00+00:00,6965.36,6976.59,6958.59,6971.61,8021
2026-02-12T14:00:00+00:00,6971.61,6977.91,6947.4,6952.4,49432
2026-02-12T15:00:00+00:00,6952.4,6961.27,6909.39,6910.39,61947
2026-02-12T16:00:00+00:00,6910.39,6911.66,6858.4,6869.64,89929
2026-02-12T17:00:00+00:00,6869.64,6879.16,6852.41,6853.14,68035
2026-02-12T18:00:00+00:00,6853.14,6876.66,6845.41,6870.4,60754
2026-02-12T19:00:00+00:00,6870.4,6883.16,6859.15,6875.16,41081
2026-02-12T20:00:00+00:00,6875.16,6878.91,6827.15,6835.9,40396
2026-02-12T21:00:00+00:00,6835.9,6850.35,6832.09,6846.95,9155
2026-02-12T23:00:00+00:00,6846.95,6852.17,6832.65,6845.92,9052
2026-02-13T00:00:00+00:00,6845.92,6853.92,6825.65,6830.16,14176
2026-02-13T01:00:00+00:00,6830.16,6846.67,6829.92,6839.65,13394
2026-02-13T02:00:00+00:00,6839.65,6847.67,6839.54,6842.9,8368
2026-02-13T03:00:00+00:00,6842.9,6846.41,6831.67,6832.42,6117
2026-02-13T04:00:00+00:00,6832.42,6843.41,6831.15,6834.15,5943
2026-02-13T05:00:00+00:00,6834.15,6836.17,6820.41,6823.16,10439
2026-02-13T06:00:00+00:00,6823.16,6826.91,6809.66,6823.4,10720
2026-02-13T07:00:00+00:00,6823.4,6832.9,6821.9,6828.66,7250
2026-02-13T08:00:00+00:00,6828.66,6835.17,6812.65,6830.92,17749
2026-02-13T09:00:00+00:00,6830.92,6839.91,6822.17,6831.9,11493
2026-02-13T10:00:00+00:00,6831.9,6839.16,6822.9,6823.42,9412
2026-02-13T11:00:00+00:00,6823.42,6825.16,6805.41,6822.41,17255
2026-02-13T12:00:00+00:00,6822.41,6828.79,6812.9,6820.79,16714
2026-02-13T13:00:00+00:00,6820.79,6850.17,6806.66,6840.17,34825
2026-02-13T14:00:00+00:00,6840.17,6848.22,6794.46,6818.97,123368
2026-02-13T15:00:00+00:00,6818.97,6866.22,6818.07,6845.47,133377
2026-02-13T16:00:00+00:00,6845.47,6875.46,6838.2,6867.95,57362
2026-02-13T17:00:00+00:00,6867.95,6883.2,6864.95,6871.45,27268
2026-02-13T18:00:00+00:00,6871.45,6882.96,6860.95,6866.72,32494
2026-02-13T19:00:00+00:00,6866.72,6873.72,6842.47,6843.95,28900
2026-02-13T20:00:00+00:00,6843.95,6852.97,6818.2,6835.59,39977
2026-02-13T21:00:00+00:00,6835.59,6841.92,6830.66,6832.67,4407
2026-02-15T23:00:00+00:00,6832.67,6849,6831.52,6848,5976
2026-02-16T00:00:00+00:00,6848,6852.52,6843.25,6850.26,5114
2026-02-16T01:00:00+00:00,6850.26,6858.02,6848.77,6856.25,2785
2026-02-16T02:00:00+00:00,6856.25,6858.77,6849.5,6850.27,2430
2026-02-16T03:00:00+00:00,6850.27,6851.51,6845.75,6849.25,2048
2026-02-16T04:00:00+00:00,6849.25,6852.77,6848.02,6849.27,1739
2026-02-16T05:00:00+00:00,6849.27,6850.52,6843.76,6846.27,1543
2026-02-16T06:00:00+00:00,6846.27,6851.01,6843.75,6850.01,1913
2026-02-16T07:00:00+00:00,6850.01,6860.52,6849.76,6858.25,2410
2026-02-16T08:00:00+00:00,6858.25,6867.27,6854,6865.5,7358
2026-02-16T09:00:00+00:00,6865.5,6873.02,6864,6870.75,3479
2026-02-16T10:00:00+00:00,6870.75,6871.27,6863.27,6865.27,3941
2026-02-16T11:00:00+00:00,6865.27,6866.27,6858.87,6863.25,3412
2026-02-16T12:00:00+00:00,6863.25,6868,6860.63,6863.5,3784
2026-02-16T13:00:00+00:00,6863.5,6865.64,6859.52,6861.01,4045
2026-02-16T14:00:00+00:00,6861.01,6861.14,6833.8,6846.43,12319
2026-02-16T15:00:00+00:00,6846.43,6851.07,6830.05,6831.18,9952
2026-02-16T16:00:00+00:00,6831.18,6845.31,6828.56,6840.05,8997
2026-02-16T17:00:00+00:00,6840.05,6847.07,6836.56,6841.77,3769
2026-02-16T18:00:00+00:00,6841.77,6842.05,6835.97,6835.97,48.08588853090011
2026-02-16T19:00:00+00:00,6835.97,6836.47,6835.07,6835.17,55.48309032614826
2026-02-16T20:00:00+00:00,6835.57,6836.07,6833.87,6833.87,112.60804853677769
2026-02-16T23:00:00+00:00,6841.53,6856.8,6839.54,6851.53,3604
2026-02-17T00:00:00+00:00,6851.53,6855.05,6841.05,6842.66,6758
2026-02-17T01:00:00+00:00,6842.66,6849.41,6813.03,6816.55,10695
2026-02-17T02:00:00+00:00,6816.55,6821.3,6809.53,6817.29,11623
2026-02-17T03:00:00+00:00,6817.29,6817.79,6800.8,6807.8,9604
2026-02-17T04:00:00+00:00,6807.8,6811.3,6804.8,6809.8,4791
2026-02-17T05:00:00+00:00,6809.8,6810.3,6797.03,6800.55,7965
2026-02-17T06:00:00+00:00,6800.55,6813.04,6800.4,6811.29,4764
2026-02-17T07:00:00+00:00,6811.29,6818.54,6801.3,6818.03,7167
2026-02-17T08:00:00+00:00,6818.03,6835.04,6816.29,6819.54,13673
2026-02-17T09:00:00+00:00,6819.54,6830.29,6817.28,6828.3,10075
2026-02-17T10:00:00+00:00,6828.3,6830.8,6810.91,6812.91,7272
2026-02-17T11:00:00+00:00,6812.91,6822.29,6808.28,6819.54,9269
2026-02-17T12:00:00+00:00,6819.54,6826.05,6805.03,6806.8,10698
2026-02-17T13:00:00+00:00,6806.8,6831.53,6793.03,6813.03,22812
2026-02-17T14:00:00+00:00,6813.03,6849.1,6785.05,6786.96,97334
2026-02-17T15:00:00+00:00,6786.96,6818.35,6778.33,6806.85,123473
2026-02-17T16:00:00+00:00,6806.85,6854.1,6805.08,6845.84,56741
2026-02-17T17:00:00+00:00,6845.84,6847.1,6812.33,6831.34,53533
2026-02-17T18:00:00+00:00,6831.34,6868.85,6819.33,6862.33,45684
2026-02-17T19:00:00+00:00,6862.33,6871.09,6855.58,6857.09,26092
2026-02-17T20:00:00+00:00,6857.09,6862.59,6840.58,6849.35,22322
2026-02-17T21:00:00+00:00,6849.35,6856.8,6845.03,6849.38,7511
2026-02-17T23:00:00+00:00,6849.38,6852.18,6836.42,6837.68,4905
2026-02-18T00:00:00+00:00,6837.68,6846.94,6837.17,6839.93,4897
2026-02-18T01:00:00+00:00,6839.93,6844.94,6836.94,6844.43,4948
2026-02-18T02:00:00+00:00,6844.43,6849.18,6842.42,6846.44,2647
2026-02-18T03:00:00+00:00,6846.44,6854.93,6842.44,6853.94,2639
2026-02-18T04:00:00+00:00,6853.94,6862.67,6852.3,6862.19,2736
2026-02-18T05:00:00+00:00,6862.19,6864.69,6859.93,6860.93,1641
2026-02-18T06:00:00+00:00,6860.93,6866.19,6857.92,6861.56,3323
2026-02-18T07:00:00+00:00,6861.56,6866.44,6857.67,6864.93,3179
2026-02-18T08:00:00+00:00,6864.93,6883.18,6864.68,6881.68,7928
2026-02-18T09:00:00+00:00,6881.68,6891.43,6881.43,6883.42,5515
2026-02-18T10:00:00+00:00,6883.42,6890.19,6882.92,6885.93,3485
2026-02-18T11:00:00+00:00,6885.93,6886.8,6875.92,6876.92,3471
2026-02-18T12:00:00+00:00,6876.92,6886.94,6862.17,6873.17,9642
2026-02-18T13:00:00+00:00,6873.17,6880.94,6858.43,6861.18,8509
2026-02-18T14:00:00+00:00,6861.18,6885.48,6849.22,6882.97,59343
2026-02-18T15:00:00+00:00,6882.97,6908.99,6882.23,6906.99,24814
2026-02-18T16:00:00+00:00,6906.99,6911.24,6896.47,6896.72,14039
2026-02-18T17:00:00+00:00,6896.72,6910.72,6895.22,6906.72,11721
2026-02-18T18:00:00+00:00,6906.72,6913.23,6881.72,6890.99,15402
2026-02-18T19:00:00+00:00,6890.99,6894.99,6861.24,6866.99,26288
2026-02-18T20:00:00+00:00,6866.99,6893.24,6859.97,6882.73,19823
2026-02-18T21:00:00+00:00,6882.73,6884.43,6877.17,6879.78,2339
2026-02-18T23:00:00+00:00,6879.78,6889.3,6878.17,6882.05,2716
2026-02-19T00:00:00+00:00,6882.05,6883.54,6874.05,6878.8,5484
2026-02-19T01:00:00+00:00,6878.8,6888.8,6877.53,6884.04,5643
2026-02-19T02:00:00+00:00,6884.04,6887.05,6880.3,6884.9,3004
2026-02-19T03:00:00+00:00,6884.9,6888.29,6881.54,6885.04,1918
2026-02-19T04:00:00+00:00,6885.04,6887.54,6880.28,6880.79,1590
2026-02-19T05:00:00+00:00,6880.79,6890.78,6877.28,6889.03,2359
2026-02-19T06:00:00+00:00,6889.03,6893.78,6887.28,6893.3,2312
2026-02-19T07:00:00+00:00,6893.3,6898.8,6890.8,6892.55,2568
2026-02-19T08:00:00+00:00,6892.55,6899.53,6876.78,6878.8,7780
2026-02-19T09:00:00+00:00,6878.8,6882.55,6859.53,6868.53,10861
2026-02-19T10:00:00+00:00,6868.53,6869.53,6853.53,6860.05,11147
2026-02-19T11:00:00+00:00,6860.05,6867.05,6856.28,6865.9,6036
2026-02-19T12:00:00+00:00,6865.9,6873.55,6855.29,6866.79,8974
2026-02-19T13:00:00+00:00,6866.79,6868.54,6849.3,6859.05,11241
2026-02-19T14:00:00+00:00,6859.05,6878.1,6844.08,6869.83,61434
2026-02-19T15:00:00+00:00,6869.83,6881.6,6857.08,6873.21,52114
2026-02-19T16:00:00+00:00,6873.21,6878.35,6846.83,6854.84,31406
2026-02-19T17:00:00+00:00,6854.84,6867.6,6840.58,6843.85,26972
2026-02-19T18:00:00+00:00,6843.85,6858.35,6834.83,6856.83,22486
2026-02-19T19:00:00+00:00,6856.83,6860.1,6838.09,6844.84,18485
2026-02-19T20:00:00+00:00,6844.84,6865.84,6844.58,6865.1,15825
2026-02-19T21:00:00+00:00,6865.1,6870.55,6858.78,6859.51,3401
2026-02-19T23:00:00+00:00,6859.51,6870.06,6859.05,6867.67,3012
2026-02-20T00:00:00+00:00,6867.67,6875.07,6863.82,6874.32,4740
2026-02-20T01:00:00+00:00,6874.32,6880.57,6873.56,6876.06,3318
2026-02-20T02:00:00+00:00,6876.06,6881.07,6871.55,6875.55,4015
2026-02-20T03:00:00+00:00,6875.55,6877.8,6873.81,6874.07,1455
2026-02-20T04:00:00+00:00,6874.07,6878.81,6873.3,6876.8,1355
2026-02-20T05:00:00+00:00,6876.8,6885.82,6876.8,6885.06,1661
2026-02-20T06:00:00+00:00,6885.06,6887.56,6882.55,6884.55,1480
2026-02-20T07:00:00+00:00,6884.55,6886.57,6877.82,6880.55,2573
2026-02-20T08:00:00+00:00,6880.55,6884.57,6875.05,6883.43,5765
2026-02-20T09:00:00+00:00,6883.43,6892.55,6879.3,6880.19,4574
2026-02-20T10:00:00+00:00,6880.19,6881.82,6870.55,6870.57,4258
2026-02-20T11:00:00+00:00,6870.57,6870.82,6853.81,6856.57,9232
2026-02-20T12:00:00+00:00,6856.57,6861.07,6848.31,6857.55,10117
2026-02-20T13:00:00+00:00,6857.55,6865.18,6838.82,6849.31,14742
2026-02-20T14:00:00+00:00,6849.31,6871.49,6835.1,6866.84,53791
2026-02-20T15:00:00+00:00,6866.84,6912.37,6860.1,6906.85,121615
2026-02-20T16:00:00+00:00,6906.85,6911.11,6877.1,6904.37,46913
2026-02-20T17:00:00+00:00,6904.37,6907.35,6858.85,6892.87,56733
2026-02-20T18:00:00+00:00,6892.87,6919.11,6875.86,6911.74,67765
2026-02-20T19:00:00+00:00,6911.74,6916.87,6896.6,6899.12,23657
2026-02-20T20:00:00+00:00,6899.12,6913.87,6898.6,6912.37,17401
2026-02-20T21:00:00+00:00,6912.37,6916.8,6910.05,6912.32,2584
2026-02-22T23:00:00+00:00,6912.32,6912.34,6889.83,6895.59,8665
2026-02-23T00:00:00+00:00,6895.59,6895.59,6867.84,6868.59,11246
2026-02-23T01:00:00+00:00,6868.59,6874.6,6864.33,6864.85,13170
2026-02-23T02:00:00+00:00,6864.85,6868.09,6859.58,6863.84,7249
2026-02-23T03:00:00+00:00,6863.84,6867.59,6858.58,6862.33,5428
2026-02-23T04:00:00+00:00,6862.33,6864.6,6857.33,6861.1,2174
2026-02-23T05:00:00+00:00,6861.1,6864.35,6856.83,6863.6,2652
2026-02-23T06:00:00+00:00,6863.6,6869.1,6862.34,6868.58,1909
2026-02-23T07:00:00+00:00,6868.58,6877.1,6868.08,6875.1,3796
2026-02-23T08:00:00+00:00,6875.1,6881.35,6871.2,6880.6,6761
2026-02-23T09:00:00+00:00,6880.6,6899.35,6880.6,6897.09,6194
2026-02-23T10:00:00+00:00,6897.09,6902.45,6889.09,6895.97,5730
2026-02-23T11:00:00+00:00,6895.97,6900.85,6882.34,6886.83,4159
2026-02-23T12:00:00+00:00,6886.83,6890.34,6875.86,6878.96,7849
2026-02-23T13:00:00+00:00,6878.96,6892.85,6875.33,6889.09,8187
2026-02-23T14:00:00+00:00,6889.09,6919.65,6882.13,6884.5,63428
2026-02-23T15:00:00+00:00,6884.5,6891.4,6840.63,6841.4,57079
2026-02-23T16:00:00+00:00,6841.4,6849.9,6822.35,6838.65,39755
2026-02-23T17:00:00+00:00,6838.65,6843.65,6824.63,6839.4,25813
2026-02-23T18:00:00+00:00,6839.4,6858.63,6837.36,6838.88,18553
2026-02-23T19:00:00+00:00,6838.88,6841.65,6824.14,6829.63,18260
2026-02-23T20:00:00+00:00,6829.63,6843.9,6825.38,6843.64,18688
2026-02-23T21:00:00+00:00,6843.64,6848.35,6840.58,6847.69,3290
2026-02-23T23:00:00+00:00,6847.69,6854.04,6844.52,6847.03,4753
2026-02-24T00:00:00+00:00,6847.03,6853.04,6843.16,6851.29,5767
2026-02-24T01:00:00+00:00,6851.29,6853.54,6846.78,6851.78,8481
2026-02-24T02:00:00+00:00,6851.78,6862.03,6850.28,6860.03,4067
2026-02-24T03:00:00+00:00,6860.03,6862.29,6859.27,6860.27,1934
2026-02-24T04:00:00+00:00,6860.27,6863.02,6858.77,6862.03,1495
2026-02-24T05:00:00+00:00,6862.03,6865.02,6852.77,6855.52,2928.519690339953
2026-02-24T06:00:00+00:00,6855.52,6857.79,6852.02,6856.78,2537
2026-02-24T07:00:00+00:00,6856.78,6863.28,6855.77,6856.52,3553
2026-02-24T08:00:00+00:00,6856.52,6856.78,6840.52,6845.77,13407
2026-02-24T09:00:00+00:00,6845.77,6858.53,6845.52,6858.27,7116
2026-02-24T10:00:00+00:00,6858.27,6861.54,6852.79,6856.28,3769
2026-02-24T11:00:00+00:00,6856.28,6859.39,6850.02,6854.77,4357
2026-02-24T12:00:00+00:00,6854.77,6861.54,6836.16,6840.41,12578
2026-02-24T13:00:00+00:00,6840.41,6856.669999999999,6839.669999999999,6853.41,9092
2026-02-24T14:00:00+00:00,6853.41,6873.959999999999,6818.959999999999,6851.099999999999,61457
2026-02-24T15:00:00+00:00,6851.099999999999,6884.98,6839.469999999999,6873.209999999999,64447
2026-02-24T16:00:00+00:00,6873.209999999999,6888.48,6871.209999999999,6884.219999999999,27684
2026-02-24T17:00:00+00:00,6884.219999999999,6897.98,6883.459999999999,6893.469999999999,12898
2026-02-24T18:00:00+00:00,6893.469999999999,6900.73,6888.48,6894.209999999999,10342
2026-02-24T19:00:00+00:00,6894.209999999999,6895.73,6885.959999999999,6890.959999999999,11969
2026-02-24T20:00:00+00:00,6890.959999999999,6903.23,6884.209999999999,6893.469999999999,11962
2026-02-24T21:00:00+00:00,6893.469999999999,6894.929999999999,6889.41,6890.179999999999,2060
2026-02-24T23:00:00+00:00,6890.179999999999,6896.549999999999,6886.549999999999,6895.049999999999,2455
2026-02-25T00:00:00+00:00,6895.049999999999,6900.3099999999995,6890.039999999999,6899.049999999999,3298
2026-02-25T01:00:00+00:00,6899.049999999999,6907.0599999999995,6897.539999999999,6905.3099999999995,5727
2026-02-25T02:00:00+00:00,6905.3099999999995,6908.0599999999995,6903.039999999999,6907.3099999999995,4869
2026-02-25T03:00:00+00:00,6907.3099999999995,6907.5599999999995,6883.0599999999995,6900.789999999999,10146
2026-02-25T04:00:00+00:00,6900.789999999999,6900.799999999999,6894.039999999999,6897.0599999999995,3982
2026-02-25T05:00:00+00:00,6897.0599999999995,6901.039999999999,6893.299999999999,6894.8099999999995,2789
2026-02-25T06:00:00+00:00,6894.8099999999995,6900.3099999999995,6893.289999999999,6896.299999999999,2961
2026-02-25T07:00:00+00:00,6896.299999999999,6898.8099999999995,6891.8099999999995,6894.289999999999,3558
2026-02-25T08:00:00+00:00,6894.289999999999,6905.0599999999995,6894.289999999999,6902.789999999999,7590
2026-02-25T09:00:00+00:00,6902.789999999999,6906.3099999999995,6899.549999999999,6905.539999999999,5164
2026-02-25T10:00:00+00:00,6905.539999999999,6908.049999999999,6901.539999999999,6903.049999999999,2831
2026-02-25T11:00:00+00:00,6903.049999999999,6914.799999999999,6901.789999999999,6914.549999999999,2421
2026-02-25T12:00:00+00:00,6914.549999999999,6919.289999999999,6910.8099999999995,6917.039999999999,4980
2026-02-25T13:00:00+00:00,6917.039999999999,6920.0599999999995,6912.789999999999,6917.789999999999,4623
2026-02-25T14:00:00+00:00,6917.789999999999,6939.599999999999,6917.539999999999,6932.61,27828
2026-02-25T15:00:00+00:00,6932.61,6935.349999999999,6921.089999999999,6927.61,27372
2026-02-25T16:00:00+00:00,6927.61,6943.339999999999,6926.589999999999,6940.099999999999,13247
2026-02-25T17:00:00+00:00,6940.099999999999,6945.36,6937.579999999999,6945.11,7372
2026-02-25T18:00:00+00:00,6945.11,6946.599999999999,6941.599999999999,6944.599999999999,4383
2026-02-25T19:00:00+00:00,6944.599999999999,6952.61,6944.599999999999,6950.36,4887
2026-02-25T20:00:00+00:00,6950.36,6956.219999999999,6946.849999999999,6950.36,8730
2026-02-25T21:00:00+00:00,6950.36,6971.929999999999,6949.039999999999,6966.16,20193
2026-02-25T23:00:00+00:00,6966.16,6966.16,6933.099999999999,6939.849999999999,8155
2026-02-26T00:00:00+00:00,6939.849999999999,6945.849999999999,6937.349999999999,6941.11,6079
2026-02-26T01:00:00+00:00,6941.11,6943.849999999999,6932.86,6942.869999999999,8018
2026-02-26T02:00:00+00:00,6942.869999999999,6943.619999999999,6937.599999999999,6940.86,3134
2026-02-26T03:00:00+00:00,6940.86,6943.599999999999,6938.849999999999,6940.099999999999,1790
2026-02-26T04:00:00+00:00,6940.099999999999,6941.48,6938.599999999999,6939.61,1707
2026-02-26T05:00:00+00:00,6939.61,6939.849999999999,6935.099999999999,6938.36,2484
2026-02-26T06:00:00+00:00,6938.36,6945.119999999999,6938.349999999999,6940.869999999999,2877
2026-02-26T07:00:00+00:00,6940.869999999999,6946.619999999999,6940.849999999999,6942.61,3269
2026-02-26T08:00:00+00:00,6942.61,6951.61,6941.599999999999,6943.86,7365
2026-02-26T09:00:00+00:00,6943.86,6954.599999999999,6942.849999999999,6949.869999999999,4132
2026-02-26T10:00:00+00:00,6949.869999999999,6951.73,6942.849999999999,6944.86,3106
2026-02-26T11:00:00+00:00,6944.86,6949.619999999999,6943.61,6948.129999999998,3404
2026-02-26T12:00:00+00:00,6948.129999999998,6956.379999999998,6947.869999999999,6953.109999999999,3492
2026-02-26T13:00:00+00:00,6953.109999999999,6961.119999999999,6951.859999999999,6957.359999999999,4975
2026-02-26T14:00:00+00:00,6957.359999999999,6959.359999999999,6922.909999999999,6925.659999999999,50434
2026-02-26T15:00:00+00:00,6925.659999999999,6929.289999999999,6861.7699999999995,6896.03,86337
2026-02-26T16:00:00+00:00,6896.03,6910.02,6879.14,6881.16,44652
2026-02-26T17:00:00+00:00,6881.16,6889.650000000001,6868.650000000001,6873.150000000001,25191
2026-02-26T18:00:00+00:00,6873.150000000001,6900.650000000001,6865.650000000001,6892.91,20068
2026-02-26T19:00:00+00:00,6892.91,6915.91,6890.41,6911.76,7078.676118593887
2026-02-26T20:00:00+00:00,6911.76,6916.26,6904.740000000001,6911.750000000001,11138
2026-02-26T21:00:00+00:00,6911.750000000001,6912.71,6893.31,6894.290000000001,4232
2026-02-26T23:00:00+00:00,6894.290000000001,6894.290000000001,6874.250000000001,6883.01,8385
2026-02-27T00:00:00+00:00,6883.01,6889.52,6873.750000000001,6881.38,6953
2026-02-27T01:00:00+00:00,6881.38,6887.400000000001,6879.500000000001,6884.63,9674
2026-02-27T02:00:00+00:00,6884.63,6891.650000000001,6884.63,6891.650000000001,3870
2026-02-27T03:00:00+00:00,6891.650000000001,6892.150000000001,6886.13,6890.150000000001,2699
2026-02-27T04:00:00+00:00,6890.150000000001,6893.39,6888.38,6891.14,2274
2026-02-27T05:00:00+00:00,6891.14,6898.89,6890.88,6893.400000000001,2439
2026-02-27T06:00:00+00:00,6893.400000000001,6895.160000000001,6884.39,6892.160000000001,4921
2026-02-27T07:00:00+00:00,6892.160000000001,6899.910000000001,6892.160000000001,6898.780000000001,2894
2026-02-27T08:00:00+00:00,6898.780000000001,6902.150000000001,6891.89,6899.14,8300
2026-02-27T09:00:00+00:00,6899.14,6907.400000000001,6892.14,6893.410000000001,7622
2026-02-27T10:00:00+00:00,6893.410000000001,6894.02,6878.89,6886.39,7835
2026-02-27T11:00:00+00:00,6886.39,6888.160000000001,6870.89,6876.900000000001,9188
2026-02-27T12:00:00+00:00,6876.900000000001,6885.410000000001,6865.39,6869.660000000001,11097
2026-02-27T13:00:00+00:00,6869.660000000001,6874.400000000001,6843.39,6857.410000000001,22285
2026-02-27T14:00:00+00:00,6857.410000000001,6859.210000000001,6833.4400000000005,6845.4400000000005,78411
2026-02-27T15:00:00+00:00,6845.4400000000005,6877.460000000001,6843.4400000000005,6869.200000000001,66759
2026-02-27T16:00:00+00:00,6869.200000000001,6879.960000000001,6862.6900000000005,6865.700000000001,35535
2026-02-27T17:00:00+00:00,6865.700000000001,6879.960000000001,6849.910000000001,6860.9400000000005,33431
2026-02-27T18:00:00+00:00,6860.9400000000005,6863.960000000001,6847.6900000000005,6856.700000000001,24331
2026-02-27T19:00:00+00:00,6856.700000000001,6866.950000000001,6846.9400000000005,6850.4400000000005,17403
2026-02-27T20:00:00+00:00,6850.4400000000005,6885.710000000001,6850.200000000001,6879.9400000000005,24703
2026-02-27T21:00:00+00:00,6879.9400000000005,6880.650000000001,6867.67,6869.41,6527
2026-03-01T23:00:00+00:00,6869.41,6869.41,6804.06,6809.4,23871
2026-03-02T00:00:00+00:00,6809.4,6824.03,6802.05,6822.28,18432
2026-03-02T01:00:00+00:00,6822.28,6849.78,6821.79,6842.29,25416
2026-03-02T02:00:00+00:00,6842.29,6845.78,6827.8,6832.79,13997
2026-03-02T03:00:00+00:00,6832.79,6835.8,6827.79,6829.53,9853
2026-03-02T04:00:00+00:00,6829.53,6837.04,6820.03,6823.29,9924
2026-03-02T05:00:00+00:00,6823.29,6825.55,6807.16,6808.05,10416
2026-03-02T06:00:00+00:00,6808.05,6813.05,6779.53,6791.16,16229
2026-03-02T07:00:00+00:00,6791.16,6794.16,6774.78,6777.16,19072
2026-03-02T08:00:00+00:00,6777.16,6792.8,6761.3,6784.91,31889
2026-03-02T09:00:00+00:00,6784.91,6810.53,6781.91,6805.05,17878
2026-03-02T10:00:00+00:00,6805.05,6819.29,6804.65,6811.4,12896
2026-03-02T11:00:00+00:00,6811.4,6824.03,6805.28,6812.28,12328
2026-03-02T12:00:00+00:00,6812.28,6817.05,6797.78,6803.9,15086
2026-03-02T13:00:00+00:00,6803.9,6825.54,6797.28,6800.17,19852
2026-03-02T14:00:00+00:00,6800.17,6850.47,6795.03,6846.72,72936
2026-03-02T15:00:00+00:00,6846.72,6870.35,6836.71,6858.85,70882
2026-03-02T16:00:00+00:00,6858.85,6887.1,6845.85,6879.59,38931
2026-03-02T17:00:00+00:00,6879.59,6890.35,6874.33,6889.34,21309
2026-03-02T18:00:00+00:00,6889.34,6891.34,6869.1,6869.6,18211
2026-03-02T19:00:00+00:00,6869.6,6903.1,6868.95,6899.33,16779
2026-03-02T20:00:00+00:00,6899.33,6900.58,6865.83,6879.85,46849
2026-03-02T21:00:00+00:00,6879.85,6880.8,6871.28,6877.02,7544
2026-03-02T23:00:00+00:00,6877.02,6878.81,6863.8,6869.92,7104
2026-03-03T00:00:00+00:00,6869.92,6872.8,6859.29,6860.17,8316
2026-03-03T01:00:00+00:00,6860.17,6868.44,6846.54,6847.31,16340
2026-03-03T02:00:00+00:00,6847.31,6848.69,6833.17,6843.42,23542
2026-03-03T03:00:00+00:00,6843.42,6848.44,6834.67,6841.81,15415
2026-03-03T04:00:00+00:00,6841.81,6844.69,6827.67,6830.67,14179
2026-03-03T05:00:00+00:00,6830.67,6834.55,6821.92,6824.18,16263
2026-03-03T06:00:00+00:00,6824.18,6829.54,6817.42,6820.92,11920
2026-03-03T07:00:00+00:00,6820.92,6823.81,6805.42,6806.94,11279
2026-03-03T08:00:00+00:00,6806.94,6809.31,6768.79,6770.94,33046
2026-03-03T09:00:00+00:00,6770.94,6787.19,6760.05,6760.67,31293
2026-03-03T10:00:00+00:00,6760.67,6766.68,6744.18,6757.3,30061
2026-03-03T11:00:00+00:00,6757.3,6772.44,6737.54,6766.93,29583
2026-03-03T12:00:00+00:00,6766.93,6793.94,6764.79,6786.44,26708
2026-03-03T13:00:00+00:00,6786.44,6788.44,6753.05,6761.8,27182
2026-03-03T14:00:00+00:00,6761.8,6786.6,6734.73,6739.47,92441
2026-03-03T15:00:00+00:00,6739.47,6754.23,6712.22,6735.49,109974
2026-03-03T16:00:00+00:00,6735.49,6800.49,6733.23,6791.6,79432
2026-03-03T17:00:00+00:00,6791.6,6800.99,6777.47,6789.74,59725
2026-03-03T18:00:00+00:00,6789.74,6835.49,6789.74,6829.23,44527
2026-03-03T19:00:00+00:00,6829.23,6842.74,6809.22,6828.99,55041
2026-03-03T20:00:00+00:00,6828.99,6836.09,6808.97,6819.47,51155
2026-03-03T21:00:00+00:00,6819.47,6819.47,6802.68,6807.03,8180
2026-03-03T23:00:00+00:00,6807.03,6817.91,6799.26,6804.4,8899
2026-03-04T00:00:00+00:00,6804.4,6826.65,6799.76,6814.77,21325
2026-03-04T01:00:00+00:00,6814.77,6819.91,6789.01,6800.51,38955
2026-03-04T02:00:00+00:00,6800.51,6806.15,6781.64,6793.65,30784
2026-03-04T03:00:00+00:00,6793.65,6793.66,6771.26,6787.15,33140
2026-03-04T04:00:00+00:00,6787.15,6795.66,6780.52,6785.78,26528
2026-03-04T05:00:00+00:00,6785.78,6791.91,6773.89,6782.28,27950
2026-03-04T06:00:00+00:00,6782.28,6788.64,6767.41,6784.27,19099
2026-03-04T07:00:00+00:00,6784.27,6805.78,6776.76,6801.14,17030
2026-03-04T08:00:00+00:00,6801.14,6806.65,6789.14,6797.15,33126
2026-03-04T09:00:00+00:00,6797.15,6820.01,6790.64,6818.89,19607
2026-03-04T10:00:00+00:00,6818.89,6842.14,6815.64,6836.52,25371
2026-03-04T11:00:00+00:00,6836.52,6848.91,6826.15,6826.41,17771
2026-03-04T12:00:00+00:00,6826.41,6836.4,6806.9,6821.64,20289
2026-03-04T13:00:00+00:00,6821.64,6849.53,6820.9,6841.91,25121
2026-03-04T14:00:00+00:00,6841.91,6851.31,6812.46,6829.41,76541
2026-03-04T15:00:00+00:00,6829.41,6879.71,6824.94,6874.95,62090
2026-03-04T16:00:00+00:00,6874.95,6882.95,6858.32,6874.44,35518
2026-03-04T17:00:00+00:00,6874.44,6880.96,6862.44,6878.71,21156
2026-03-04T18:00:00+00:00,6878.71,6885.21,6870.44,6882.2,15052
2026-03-04T19:00:00+00:00,6882.2,6887.69,6880.7,6884.94,9574
2026-03-04T20:00:00+00:00,6884.94,6886.95,6867.2,6867.2,14918
2026-03-04T21:00:00+00:00,6867.2,6875.91,6859.91,6873.01,9467
2026-03-04T23:00:00+00:00,6873.01,6883.27,6872.39,6879.64,5533
2026-03-05T00:00:00+00:00,6879.64,6894.77,6877.77,6886.51,8854
2026-03-05T01:00:00+00:00,6886.51,6887.26,6851.51,6857.53,25929
2026-03-05T02:00:00+00:00,6857.53,6867.28,6851.77,6859.77,19507
2026-03-05T03:00:00+00:00,6859.77,6862.03,6844.51,6850.53,19104
2026-03-05T04:00:00+00:00,6850.53,6863.52,6847.64,6862.52,12104
2026-03-05T05:00:00+00:00,6862.52,6863.03,6848.26,6848.51,10410
2026-03-05T06:00:00+00:00,6848.51,6861.03,6838.76,6861.01,16517
2026-03-05T07:00:00+00:00,6861.01,6862.28,6849.63,6857.27,10788
2026-03-05T08:00:00+00:00,6857.27,6858.28,6834.64,6851.76,28531
2026-03-05T09:00:00+00:00,6851.76,6887.53,6850.53,6865.64,33280
2026-03-05T10:00:00+00:00,6865.64,6872.26,6860.03,6864.02,14031
2026-03-05T11:00:00+00:00,6864.02,6874.52,6860.28,6861.28,12272
2026-03-05T12:00:00+00:00,6861.28,6874.9,6850.77,6856.88,17487
2026-03-05T13:00:00+00:00,6856.88,6858.28,6837.01,6838.76,22847
2026-03-05T14:00:00+00:00,6838.76,6866.83,6830.02,6866.83,65276
2026-03-05T15:00:00+00:00,6866.83,6871.08,6808.82,6836.81,70354
2026-03-05T16:00:00+00:00,6836.81,6839.32,6805.81,6826.06,61553
2026-03-05T17:00:00+00:00,6826.06,6839.58,6775.57,6779.94,62316
2026-03-05T18:00:00+00:00,6779.94,6797.95,6773.58,6781.56,57391
2026-03-05T19:00:00+00:00,6781.56,6793.08,6771.31,6786.06,45049
2026-03-05T20:00:00+00:00,6786.06,6832.57,6779.06,6828.82,50299
2026-03-05T21:00:00+00:00,6828.82,6829.26,6815.76,6818.98,7680
2026-03-05T23:00:00+00:00,6818.98,6836.64,6815.89,6834.62,5928
2026-03-06T00:00:00+00:00,6834.62,6843.77,6834.51,6836.12,9615
2026-03-06T01:00:00+00:00,6836.12,6839.27,6827.02,6832.51,18437
2026-03-06T02:00:00+00:00,6832.51,6841.27,6830.25,6830.27,11634
2026-03-06T03:00:00+00:00,6830.27,6841.26,6830.27,6841.01,8514
2026-03-06T04:00:00+00:00,6841.01,6846.5,6837.26,6840.75,4054
2026-03-06T05:00:00+00:00,6840.75,6847.26,6839.25,6841,6531
2026-03-06T06:00:00+00:00,6841,6844.27,6836.26,6837.5,4984
2026-03-06T07:00:00+00:00,6837.5,6844.02,6833.76,6841.27,6036
2026-03-06T08:00:00+00:00,6841.27,6841.5,6822.75,6831.39,18053
2026-03-06T09:00:00+00:00,6831.39,6833.77,6792.26,6799.02,27823
2026-03-06T10:00:00+00:00,6799.02,6815.5,6798.77,6808.52,16933
2026-03-06T11:00:00+00:00,6808.52,6811.27,6783.13,6787.37,23275
2026-03-06T12:00:00+00:00,6787.37,6795.52,6777.38,6783.26,21507
2026-03-06T13:00:00+00:00,6783.26,6794.14,6732.5,6738.75,42134
2026-03-06T14:00:00+00:00,6738.75,6752.56,6709.57,6720.68,86528
2026-03-06T15:00:00+00:00,6720.68,6771.57,6719.94,6761.56,94348
2026-03-06T16:00:00+00:00,6761.56,6772.57,6746.55,6762.3,69216
2026-03-06T17:00:00+00:00,6762.3,6770.92,6732.82,6743.32,56180
2026-03-06T18:00:00+00:00,6743.32,6773.8,6742.06,6752.81,56018
2026-03-06T19:00:00+00:00,6752.81,6768.82,6750.3,6762.31,44159
2026-03-06T20:00:00+00:00,6762.31,6772.31,6723.57,6735.81,64853
2026-03-06T21:00:00+00:00,6735.81,6738.88,6724,6732.61,9488
2026-03-08T22:00:00+00:00,6732.61,6732.61,6607.88,6635.9,29232
2026-03-08T23:00:00+00:00,6635.9,6641.65,6615.63,6623.38,19776
2026-03-09T00:00:00+00:00,6623.38,6632.76,6608.26,6614.38,30251
2026-03-09T01:00:00+00:00,6614.38,6618.28,6585.13,6585.89,32036
2026-03-09T02:00:00+00:00,6585.89,6603.89,6580.01,6598.53,30723
2026-03-09T03:00:00+00:00,6598.53,6609.65,6598.03,6604.51,23560
2026-03-09T04:00:00+00:00,6604.51,6616.03,6604.51,6606.63,14553
2026-03-09T05:00:00+00:00,6606.63,6638.53,6603.51,6637.53,25498
2026-03-09T06:00:00+00:00,6637.53,6646.76,6624.15,6627.88,18851
2026-03-09T07:00:00+00:00,6627.88,6643.53,6619.26,6637.78,22867
2026-03-09T08:00:00+00:00,6637.78,6655.78,6629.03,6651.64,44635
2026-03-09T09:00:00+00:00,6651.64,6696.76,6644.51,6678.26,36729
2026-03-09T10:00:00+00:00,6678.26,6681.38,6656.9,6662.28,29773
2026-03-09T11:00:00+00:00,6662.28,6672.77,6656.03,6663.26,24847
2026-03-09T12:00:00+00:00,6663.26,6685.26,6657.03,6665.39,24221
2026-03-09T13:00:00+00:00,6665.39,6688.58,6639.69,6653.56,87848
2026-03-09T14:00:00+00:00,6653.56,6694.83,6636.81,6688.81,111897
2026-03-09T15:00:00+00:00,6688.81,6712.33,6688.81,6707.56,46629
2026-03-09T16:00:00+00:00,6707.56,6736.08,6704.81,6726.06,34024
2026-03-09T17:00:00+00:00,6726.06,6726.58,6693.83,6700.94,38720
2026-03-09T18:00:00+00:00,6700.94,6726.2,6700.58,6714.33,29998
2026-03-09T19:00:00+00:00,6714.33,6813.44,6712.33,6797.06,91597
2026-03-09T20:00:00+00:00,6797.06,6803.77,6776.51,6789.12,18837
2026-03-09T22:00:00+00:00,6789.12,6792.66,6769.15,6773.52,18680
2026-03-09T23:00:00+00:00,6773.52,6777.78,6760.91,6766.89,9199
2026-03-10T00:00:00+00:00,6766.89,6786.66,6757.65,6777.51,21256
2026-03-10T01:00:00+00:00,6777.51,6790.78,6775.66,6787.39,23136
2026-03-10T02:00:00+00:00,6787.39,6789.66,6770.52,6773.41,14630
2026-03-10T03:00:00+00:00,6773.41,6782.4,6759.4,6767.53,18678
2026-03-10T04:00:00+00:00,6767.53,6775.15,6762.64,6772.4,11073
2026-03-10T05:00:00+00:00,6772.4,6785.77,6772.4,6784.9,11058
2026-03-10T06:00:00+00:00,6784.9,6790.14,6781.39,6785.16,9740
2026-03-10T07:00:00+00:00,6785.16,6814.91,6781.65,6814.39,21029
2026-03-10T08:00:00+00:00,6814.39,6828.66,6810.65,6815.16,30189
2026-03-10T09:00:00+00:00,6815.16,6827.41,6813.9,6815.4,19654
2026-03-10T10:00:00+00:00,6815.4,6816.16,6797.9,6809.16,22629
2026-03-10T11:00:00+00:00,6809.16,6818.77,6782.14,6784.91,27016
2026-03-10T12:00:00+00:00,6784.91,6787.41,6763.91,6780.66,28629
2026-03-10T13:00:00+00:00,6780.66,6800.96,6767.46,6770.82,85202
2026-03-10T14:00:00+00:00,6770.82,6824.71,6760.19,6824.44,72695
2026-03-10T15:00:00+00:00,6824.44,6832.44,6815.45,6826.69,30996
2026-03-10T16:00:00+00:00,6826.69,6831.21,6809.81,6827.45,34379
2026-03-10T17:00:00+00:00,6827.45,6846.71,6819.7,6833.45,37381
2026-03-10T18:00:00+00:00,6833.45,6834.95,6786.56,6797.58,86472
2026-03-10T19:00:00+00:00,6797.58,6807.96,6775.19,6782.69,63616
2026-03-10T20:00:00+00:00,6782.69,6796.16,6782.51,6792.24,11320
2026-03-10T22:00:00+00:00,6792.24,6792.49,6778.35,6782.62,4274
2026-03-10T23:00:00+00:00,6782.62,6794.73,6781.47,6792.49,3734
2026-03-11T00:00:00+00:00,6792.49,6808.99,6791.47,6804.12,12512
2026-03-11T01:00:00+00:00,6804.12,6814.62,6802.1,6811.99,7452
2026-03-11T02:00:00+00:00,6811.99,6814.87,6808.35,6811.86,4265
2026-03-11T03:00:00+00:00,6811.86,6818.1,6809.6,6817.12,2821
2026-03-11T04:00:00+00:00,6817.12,6817.37,6809.86,6810.86,2081
2026-03-11T05:00:00+00:00,6810.86,6811.74,6797.62,6798.49,7208
2026-03-11T06:00:00+00:00,6798.49,6803.74,6794.1,6801.62,7982
2026-03-11T07:00:00+00:00,6801.62,6802.99,6779.24,6790.49,11365
2026-03-11T08:00:00+00:00,6790.49,6795.12,6770.11,6776.739999999999,22166
2026-03-11T09:00:00+00:00,6776.739999999999,6777.86,6763.249999999999,6764.499999999999,16586
2026-03-11T10:00:00+00:00,6764.499999999999,6795.129999999999,6763.879999999999,6794.629999999999,14545
2026-03-11T11:00:00+00:00,6794.629999999999,6800.61,6768.739999999999,6774.239999999999,18573
2026-03-11T12:00:00+00:00,6774.239999999999,6793.629999999999,6759.11,6766.36,22334
2026-03-11T13:00:00+00:00,6766.36,6796.659999999999,6766.36,6790.669999999999,63049
2026-03-11T14:00:00+00:00,6790.669999999999,6812.429999999999,6763.409999999999,6792.169999999999,88430
2026-03-11T15:00:00+00:00,6792.169999999999,6797.929999999999,6747.909999999999,6753.429999999999,57786
2026-03-11T16:00:00+00:00,6753.429999999999,6774.429999999999,6746.659999999999,6774.159999999999,38610
2026-03-11T17:00:00+00:00,6774.159999999999,6779.179999999999,6744.909999999999,6761.039999999999,44567
2026-03-11T18:00:00+00:00,6761.039999999999,6768.929999999999,6748.179999999999,6764.179999999999,31989
2026-03-11T19:00:00+00:00,6764.179999999999,6777.169999999999,6754.679999999999,6774.919999999999,21984
2026-03-11T20:00:00+00:00,6774.919999999999,6776.619999999999,6762.869999999999,6764.73,3713
2026-03-11T22:00:00+00:00,6764.73,6764.799999999999,6730.549999999999,6737.039999999999,11565
2026-03-11T23:00:00+00:00,6737.039999999999,6738.0599999999995,6710.409999999999,6724.299999999999,14299
2026-03-12T00:00:00+00:00,6724.299999999999,6726.5599999999995,6710.669999999999,6723.0599999999995,14154
2026-03-12T01:00:00+00:00,6723.0599999999995,6733.5599999999995,6716.919999999999,6721.929999999999,13603
2026-03-12T02:00:00+00:00,6721.929999999999,6724.0599999999995,6701.039999999999,6707.3099999999995,12631
2026-03-12T03:00:00+00:00,6707.3099999999995,6713.429999999999,6701.549999999999,6708.159999999999,8332
2026-03-12T04:00:00+00:00,6708.159999999999,6714.799999999999,6704.539999999999,6705.549999999999,5632
2026-03-12T05:00:00+00:00,6705.549999999999,6718.299999999999,6705.289999999999,6716.049999999999,12225
2026-03-12T06:00:00+00:00,6716.049999999999,6726.8099999999995,6711.0599999999995,6725.679999999999,8108
2026-03-12T07:00:00+00:00,6725.679999999999,6741.549999999999,6725.539999999999,6741.289999999999,8788
2026-03-12T08:00:00+00:00,6741.289999999999,6751.799999999999,6735.299999999999,6745.159999999999,16038
2026-03-12T09:00:00+00:00,6745.159999999999,6753.5599999999995,6729.039999999999,6752.549999999999,13785
2026-03-12T10:00:00+00:00,6752.549999999999,6755.409999999999,6741.799999999999,6743.8099999999995,11941
2026-03-12T11:00:00+00:00,6743.8099999999995,6755.5599999999995,6737.289999999999,6737.799999999999,13240
2026-03-12T12:00:00+00:00,6737.799999999999,6739.3099999999995,6724.5599999999995,6732.789999999999,19214
2026-03-12T13:00:00+00:00,6732.789999999999,6736.3099999999995,6692.36,6698.849999999999,68115
2026-03-12T14:00:00+00:00,6698.849999999999,6722.589999999999,6683.839999999999,6695.86,73843
2026-03-12T15:00:00+00:00,6695.86,6713.61,6680.099999999999,6704.23,64735
2026-03-12T16:00:00+00:00,6704.23,6724.36,6688.339999999999,6699.459999999999,59495
2026-03-12T17:00:00+00:00,6699.459999999999,6714.36,6684.089999999999,6692.839999999999,46006
2026-03-12T18:00:00+00:00,6692.839999999999,6703.589999999999,6683.339999999999,6684.589999999999,31576
2026-03-12T19:00:00+00:00,6684.589999999999,6698.099999999999,6670.36,6671.589999999999,34131
2026-03-12T20:00:00+00:00,6671.589999999999,6682.789999999999,6667.159999999999,6680.639999999999,7544
2026-03-12T22:00:00+00:00,6680.639999999999,6688.289999999999,6672.669999999999,6685.94,8677
2026-03-12T23:00:00+00:00,6685.94,6690.929999999999,6674.669999999999,6675.19,6147
2026-03-13T00:00:00+00:00,6675.19,6702.3099999999995,6666.919999999999,6697.669999999999,16552
2026-03-13T01:00:00+00:00,6697.669999999999,6706.179999999999,6695.669999999999,6697.669999999999,11169
2026-03-13T02:00:00+00:00,6697.669999999999,6702.19,6691.169999999999,6692.3099999999995,8266
2026-03-13T03:00:00+00:00,6692.3099999999995,6697.69,6688.419999999999,6696.929999999999,7740
2026-03-13T04:00:00+00:00,6696.929999999999,6697.429999999999,6683.429999999999,6686.679999999999,5524
2026-03-13T05:00:00+00:00,6686.679999999999,6691.929999999999,6682.179999999999,6688.69,7138
2026-03-13T06:00:00+00:00,6688.69,6690.0599999999995,6662.669999999999,6663.3099999999995,10821
2026-03-13T07:00:00+00:00,6663.3099999999995,6664.69,6645.669999999999,6651.19,17272
2026-03-13T08:00:00+00:00,6651.19,6667.19,6635.419999999999,6664.44,25850
2026-03-13T09:00:00+00:00,6664.44,6678.799999999999,6664.3099999999995,6669.289999999999,19129
2026-03-13T10:00:00+00:00,6669.289999999999,6689.429999999999,6668.289999999999,6689.0599999999995,15229
2026-03-13T11:00:00+00:00,6689.0599999999995,6701.94,6685.669999999999,6701.429999999999,17334
2026-03-13T12:00:00+00:00,6701.429999999999,6719.929999999999,6692.929999999999,6705.429999999999,23791
2026-03-13T13:00:00+00:00,6705.429999999999,6732.489999999999,6697.669999999999,6714.61,67761
2026-03-13T14:00:00+00:00,6714.61,6721.599999999999,6659.23,6661.989999999999,86316
2026-03-13T15:00:00+00:00,6661.989999999999,6678.239999999999,6639.849999999999,6642.469999999999,71822
2026-03-13T16:00:00+00:00,6642.469999999999,6661.239999999999,6640.48,6642.469999999999,54445
2026-03-13T17:00:00+00:00,6642.469999999999,6659.849999999999,6629.469999999999,6634.969999999999,41315
2026-03-13T18:00:00+00:00,6634.969999999999,6656.739999999999,6633.719999999999,6650.719999999999,29513
2026-03-13T19:00:00+00:00,6650.719999999999,6650.739999999999,6622.239999999999,6631.989999999999,31905
2026-03-13T20:00:00+00:00,6631.989999999999,6632.94,6623.299999999999,6629.27,5358
2026-03-15T22:00:00+00:00,6629.27,6655.53,6608.8,6653.28,17893
2026-03-15T23:00:00+00:00,6653.28,6660.05,6638.53,6646.04,15030
2026-03-16T00:00:00+00:00,6646.04,6666.8,6645.9,6662.05,16264
2026-03-16T01:00:00+00:00,6662.05,6668.79,6653.42,6666.66,14724
2026-03-16T02:00:00+00:00,6666.66,6667.29,6655.8,6658.78,9911
2026-03-16T03:00:00+00:00,6658.78,6671.55,6658.78,6669.79,5001
2026-03-16T04:00:00+00:00,6669.79,6672.55,6662.54,6662.54,3311
2026-03-16T05:00:00+00:00,6662.54,6675.55,6662.53,6674.8,4827
2026-03-16T06:00:00+00:00,6674.8,6676.92,6668.8,6676.54,4272
2026-03-16T07:00:00+00:00,6676.54,6680.3,6658.79,6662.16,11426
2026-03-16T08:00:00+00:00,6662.16,6676.8,6657.03,6663.92,23018
2026-03-16T09:00:00+00:00,6663.92,6665.16,6649.28,6653.53,18755
2026-03-16T10:00:00+00:00,6653.53,6683.55,6652.3,6682.4,18637
2026-03-16T11:00:00+00:00,6682.4,6688.04,6673.28,6685.53,15766
2026-03-16T12:00:00+00:00,6685.53,6701.53,6685.53,6691.91,17785
2026-03-16T13:00:00+00:00,6691.91,6720.08,6687.85,6719.1,37167
2026-03-16T14:00:00+00:00,6719.1,6725.09,6686.33,6709.09,50404
2026-03-16T15:00:00+00:00,6709.09,6717.1,6695.33,6695.33,40879
2026-03-16T16:00:00+00:00,6695.33,6702.35,6681.96,6694.84,48555
2026-03-16T17:00:00+00:00,6694.84,6708.1,6690.34,6698.1,30927
2026-03-16T18:00:00+00:00,6698.1,6713.45,6697.34,6706.59,21664
2026-03-16T19:00:00+00:00,6706.59,6731.09,6694.58,6700.33,44115
2026-03-16T20:00:00+00:00,6700.33,6704.55,6693.28,6696.63,10835
2026-03-16T22:00:00+00:00,6696.63,6697.94,6690.19,6691.05,5225
2026-03-16T23:00:00+00:00,6691.05,6699.32,6690.8,6698.95,4225
2026-03-17T00:00:00+00:00,6698.95,6699.19,6681.32,6682.94,8344
2026-03-17T01:00:00+00:00,6682.94,6690.45,6682.69,6688.93,7644
2026-03-17T02:00:00+00:00,6688.93,6689.31,6679.3,6679.68,4687
2026-03-17T03:00:00+00:00,6679.68,6684.69,6677.68,6679.69,5045
2026-03-17T04:00:00+00:00,6679.69,6691.31,6678.68,6688.68,3986
2026-03-17T05:00:00+00:00,6688.68,6691.7,6670.18,6670.68,6860
2026-03-17T06:00:00+00:00,6670.68,6672.82,6662.95,6668.7,12120
2026-03-17T07:00:00+00:00,6668.7,6682.7,6664.94,6673.43,10758
2026-03-17T08:00:00+00:00,6673.43,6681.2,6666.44,6675.31,22124
2026-03-17T09:00:00+00:00,6675.31,6695.06,6675.19,6694.55,15172
2026-03-17T10:00:00+00:00,6694.55,6694.93,6682.06,6693.18,11499
2026-03-17T11:00:00+00:00,6693.18,6698.32,6688.55,6689.43,13041
2026-03-17T12:00:00+00:00,6689.43,6720.94,6689.07,6718.81,17303
2026-03-17T13:00:00+00:00,6718.81,6756.639999999999,6718.55,6751.259999999999,45799
2026-03-17T14:00:00+00:00,6751.259999999999,6751.389999999999,6728.0199999999995,6742.889999999999,65542
2026-03-17T15:00:00+00:00,6742.889999999999,6745.4,6715.879999999999,6722.639999999999,62810
2026-03-17T16:00:00+00:00,6722.639999999999,6728.879999999999,6713.389999999999,6722.129999999999,53636
2026-03-17T17:00:00+00:00,6722.129999999999,6732.389999999999,6721.879999999999,6729.65,32334
2026-03-17T18:00:00+00:00,6729.65,6735.389999999999,6719.9,6723.509999999999,29416
2026-03-17T19:00:00+00:00,6723.509999999999,6728.629999999999,6717.389999999999,6720.15,23046
2026-03-17T20:00:00+00:00,6720.15,6724.349999999999,6718.099999999999,6722.57,6177
2026-03-17T22:00:00+00:00,6722.57,6723.349999999999,6713.74,6716.98,3138
2026-03-17T23:00:00+00:00,6716.98,6720.23,6713.839999999999,6715.23,2697
2026-03-18T00:00:00+00:00,6715.23,6730.49,6713.839999999999,6729.99,5210
2026-03-18T01:00:00+00:00,6729.99,6735.599999999999,6729.98,6735.11,4349
2026-03-18T02:00:00+00:00,6735.11,6743.24,6734.719999999999,6741.219999999999,3705
2026-03-18T03:00:00+00:00,6741.219999999999,6747.74,6739.49,6745.969999999999,2296
2026-03-18T04:00:00+00:00,6745.969999999999,6749.99,6745.73,6747.99,2224
2026-03-18T05:00:00+00:00,6747.99,6753.49,6746.839999999999,6753.24,2492
2026-03-18T06:00:00+00:00,6753.24,6762.49,6752.469999999999,6756.589999999999,4026
2026-03-18T07:00:00+00:00,6756.589999999999,6759.23,6751.469999999999,6751.98,5106
2026-03-18T08:00:00+00:00,6751.98,6759.36,6750.849999999999,6755.089999999999,10242
2026-03-18T09:00:00+00:00,6755.089999999999,6758.599999999999,6751.589999999999,6754.73,7420
2026-03-18T10:00:00+00:00,6754.73,6760.24,6751.48,6751.969999999999,5686
2026-03-18T11:00:00+00:00,6751.969999999999,6755.86,6736.49,6741.61,18158
2026-03-18T12:00:00+00:00,6741.61,6743.24,6683.349999999999,6686.23,43320
2026-03-18T13:00:00+00:00,6686.23,6708.91,6681.61,6704.9,79546
2026-03-18T14:00:00+00:00,6704.9,6705.79,6668.65,6683.54,83116
2026-03-18T15:00:00+00:00,6683.54,6692.04,6675.91,6682.389999999999,57574
2026-03-18T16:00:00+00:00,6682.389999999999,6687.78,6669.9,6677.139999999999,42765
2026-03-18T17:00:00+00:00,6677.139999999999,6680.66,6664.78,6677.5,35691
2026-03-18T18:00:00+00:00,6677.5,6686.41,6644.7699999999995,6645.54,72779
2026-03-18T19:00:00+00:00,6645.54,6658.78,6623.5199999999995,6627.0199999999995,53781
2026-03-18T20:00:00+00:00,6627.0199999999995,6629.48,6604.73,6613.71,19564
2026-03-18T22:00:00+00:00,6613.71,6622.08,6607.16,6613.91,5855
2026-03-18T23:00:00+00:00,6613.91,6625.8099999999995,6613.29,6620.3099999999995,6170
2026-03-19T00:00:00+00:00,6620.3099999999995,6625.799999999999,6612.29,6620.04,11269
2026-03-19T01:00:00+00:00,6620.04,6631.179999999999,6616.29,6624.049999999999,9433
2026-03-19T02:00:00+00:00,6624.049999999999,6644.8099999999995,6616.299999999999,6637.549999999999,11101
2026-03-19T03:00:00+00:00,6637.549999999999,6642.0599999999995,6632.549999999999,6632.66,5110
2026-03-19T04:00:00+00:00,6632.66,6632.799999999999,6621.29,6626.04,7248
2026-03-19T05:00:00+00:00,6626.04,6629.429999999999,6613.17,6617.04,9077
2026-03-19T06:00:00+00:00,6617.04,6629.3099999999995,6615.04,6621.79,9846
2026-03-19T07:00:00+00:00,6621.79,6625.929999999999,6605.54,6609.8099999999995,18808
2026-03-19T08:00:00+00:00,6609.8099999999995,6618.41,6597.8099999999995,6607.91,33835
2026-03-19T09:00:00+00:00,6607.91,6632.66,6596.54,6627.54,38724
2026-03-19T10:00:00+00:00,6627.54,6627.5599999999995,6614.04,6617.929999999999,19110
2026-03-19T11:00:00+00:00,6617.929999999999,6623.79,6599.91,6610.08,19242
2026-03-19T12:00:00+00:00,6610.08,6611.79,6574.54,6579.8099999999995,34979
2026-03-19T13:00:00+00:00,6579.8099999999995,6600.23,6562.599999999999,6597.33,107316
2026-03-19T14:00:00+00:00,6597.33,6605.839999999999,6571.589999999999,6589.339999999999,102533
2026-03-19T15:00:00+00:00,6589.339999999999,6608.61,6573.219999999999,6590.61,89548
2026-03-19T16:00:00+00:00,6590.61,6602.089999999999,6577.719999999999,6583.23,72077
2026-03-19T17:00:00+00:00,6583.23,6590.099999999999,6567.589999999999,6583.849999999999,42656
2026-03-19T18:00:00+00:00,6583.849999999999,6599.469999999999,6574.589999999999,6596.099999999999,41319
2026-03-19T19:00:00+00:00,6596.099999999999,6641.219999999999,6595.599999999999,6609.589999999999,102569
2026-03-19T20:00:00+00:00,6609.589999999999,6624.67,6604.91,6620.15,6494
2026-03-19T22:00:00+00:00,6620.15,6626.799999999999,6614.679999999999,6623.3099999999995,3589.6240523434903
2026-03-19T23:00:00+00:00,6623.3099999999995,6628.32,6617.57,6620.07,3377
2026-03-20T00:00:00+00:00,6620.07,6626.07,6612.929999999999,6616.0599999999995,6811
2026-03-20T01:00:00+00:00,6616.0599999999995,6632.32,6614.8099999999995,6621.679999999999,8800
2026-03-20T02:00:00+00:00,6621.679999999999,6626.07,6619.299999999999,6621.07,5196
2026-03-20T03:00:00+00:00,6621.07,6622.07,6615.82,6617.799999999999,3791
2026-03-20T04:00:00+00:00,6617.799999999999,6620.57,6612.549999999999,6612.57,2613
2026-03-20T05:00:00+00:00,6612.57,6616.5599999999995,6607.299999999999,6614.07,4896
2026-03-20T06:00:00+00:00,6614.07,6616.32,6598.299999999999,6600.429999999999,4880
2026-03-20T07:00:00+00:00,6600.429999999999,6619.19,6590.049999999999,6616.799999999999,10128
2026-03-20T08:00:00+00:00,6616.799999999999,6621.57,6607.669999999999,6608.69,14954
2026-03-20T09:00:00+00:00,6608.69,6614.69,6574.07,6579.07,20320
2026-03-20T10:00:00+00:00,6579.07,6580.549999999999,6554.549999999999,6570.82,24885
2026-03-20T11:00:00+00:00,6570.82,6586.8099999999995,6569.32,6581.179999999999,18057
2026-03-20T12:00:00+00:00,6581.179999999999,6592.82,6575.929999999999,6590.299999999999,21210
2026-03-20T13:00:00+00:00,6590.299999999999,6594.5599999999995,6552.349999999999,6554.12,46990
2026-03-20T14:00:00+00:00,6554.12,6560.36,6534.37,6543.599999999999,59248
2026-03-20T15:00:00+00:00,6543.599999999999,6563.469999999999,6537.599999999999,6552.36,55677
2026-03-20T16:00:00+00:00,6552.36,6562.62,6542.099999999999,6550.49,35784
2026-03-20T17:00:00+00:00,6550.49,6555.36,6528.719999999999,6536.849999999999,34541
2026-03-20T18:00:00+00:00,6536.849999999999,6539.62,6499.099999999999,6503.36,33135
2026-03-20T19:00:00+00:00,6503.36,6509.12,6470.849999999999,6509.099999999999,41197
2026-03-20T20:00:00+00:00,6509.099999999999,6525.72,6506.419999999999,6525.22,9352
2026-03-22T22:00:00+00:00,6525.22,6525.22,6455.63,6494.6,21820
2026-03-22T23:00:00+00:00,6494.6,6505.35,6480.97,6487.6,11846
2026-03-23T00:00:00+00:00,6487.6,6503.59,6471.84,6474.1,27457
2026-03-23T01:00:00+00:00,6474.1,6502.11,6470.71,6497.22,26985
2026-03-23T02:00:00+00:00,6497.22,6502.11,6483.46,6488.34,16523
2026-03-23T03:00:00+00:00,6488.34,6492.6,6472.09,6472.61,14082
2026-03-23T04:00:00+00:00,6472.61,6484.48,6471.34,6482.85,9726
2026-03-23T05:00:00+00:00,6482.85,6490.59,6468.59,6477.85,13411
2026-03-23T06:00:00+00:00,6477.85,6478.61,6444.84,6451.86,16868
2026-03-23T07:00:00+00:00,6451.86,6465.61,6431.86,6445.47,26258
2026-03-23T08:00:00+00:00,6445.47,6472.71,6445.47,6466.84,39923
2026-03-23T09:00:00+00:00,6466.84,6475.34,6446.6,6454.23,29564
2026-03-23T10:00:00+00:00,6454.23,6465.61,6438.11,6454.61,27577
2026-03-23T11:00:00+00:00,6454.61,6694.46,6454.1,6586.71,78610
2026-03-23T12:00:00+00:00,6586.71,6644.36,6573.36,6638.71,69670
2026-03-23T13:00:00+00:00,6638.71,6645.46,6586.66,6628.53,75794
2026-03-23T14:00:00+00:00,6628.53,6649.16,6612.01,6636.9,65794
2026-03-23T15:00:00+00:00,6636.9,6652.41,6583.66,6585.14,57694
2026-03-23T16:00:00+00:00,6585.14,6601.27,6564.27,6580.65,66071
2026-03-23T17:00:00+00:00,6580.65,6607.16,6567.91,6606.16,53467
2026-03-23T18:00:00+00:00,6606.16,6622.14,6590.53,6615.15,42671
2026-03-23T19:00:00+00:00,6615.15,6615.91,6579.89,6579.89,31722
2026-03-23T20:00:00+00:00,6579.89,6587.23,6569.1,6580.95,10122
2026-03-23T22:00:00+00:00,6580.95,6601.3,6574.03,6599.8,6936
2026-03-23T23:00:00+00:00,6599.8,6599.8,6586.78,6594.15,7522
2026-03-24T00:00:00+00:00,6594.15,6594.3,6547.28,6561.91,28687
2026-03-24T01:00:00+00:00,6561.91,6562.54,6539.9,6547.9,27719
2026-03-24T02:00:00+00:00,6547.9,6555.8,6539.04,6545.53,18551
2026-03-24T03:00:00+00:00,6545.53,6552.04,6541.28,6551.9,10074
2026-03-24T04:00:00+00:00,6551.9,6557.54,6543.41,6546.92,7243
2026-03-24T05:00:00+00:00,6546.92,6558.3,6531.55,6546.54,15059
2026-03-24T06:00:00+00:00,6546.54,6578.42,6546.04,6573.54,13330
2026-03-24T07:00:00+00:00,6573.54,6602.28,6571.91,6593.92,23780
2026-03-24T08:00:00+00:00,6593.92,6600.66,6568.29,6571.66,34167
2026-03-24T09:00:00+00:00,6571.66,6583.4,6553.29,6580.54,30057
2026-03-24T10:00:00+00:00,6580.54,6584.17,6569.05,6578.91,21737
2026-03-24T11:00:00+00:00,6578.91,6582.79,6553.03,6575.79,24175
2026-03-24T12:00:00+00:00,6575.79,6579.05,6545.54,6548.9,27200
2026-03-24T13:00:00+00:00,6548.9,6554.83,6522.84,6538.84,61661
2026-03-24T14:00:00+00:00,6538.84,6583.71,6536.58,6563.97,72391
2026-03-24T15:00:00+00:00,6563.97,6594.85,6563.97,6574.58,55062
2026-03-24T16:00:00+00:00,6574.58,6586.84,6564.33,6575.59,40146
2026-03-24T17:00:00+00:00,6575.59,6578.08,6547.84,6567.08,51811
2026-03-24T18:00:00+00:00,6567.08,6590.59,6556.1,6572.59,42754
2026-03-24T19:00:00+00:00,6572.59,6581.1,6549.7,6555.84,29353
2026-03-24T20:00:00+00:00,6555.84,6628.05,6554.78,6595.89,37896
2026-03-24T22:00:00+00:00,6595.89,6610.16,6592.02,6605.03,8632
2026-03-24T23:00:00+00:00,6605.03,6608.54,6598.66,6600.79,6019
2026-03-25T00:00:00+00:00,6600.79,6621.03,6594.89,6610.53,16547
2026-03-25T01:00:00+00:00,6610.53,6614.52,6601.27,6602.03,13338
2026-03-25T02:00:00+00:00,6602.03,6602.66,6588.02,6588.53,10839
2026-03-25T03:00:00+00:00,6588.53,6599.03,6584.27,6597.78,7571
2026-03-25T04:00:00+00:00,6597.78,6608.29,6597.02,6607.28,6018
2026-03-25T05:00:00+00:00,6607.28,6608.79,6595.89,6597.77,8190
2026-03-25T06:00:00+00:00,6597.77,6602.14,6586.89,6598.03,8548
2026-03-25T07:00:00+00:00,6598.03,6608.02,6592.28,6604.41,11899
2026-03-25T08:00:00+00:00,6604.41,6631.29,6603.89,6606.78,24127
2026-03-25T09:00:00+00:00,6606.78,6617.27,6599.27,6608.78,16271
2026-03-25T10:00:00+00:00,6608.78,6617.53,6603.52,6608.29,13947
2026-03-25T11:00:00+00:00,6608.29,6625.4,6606.03,6620.53,15116
2026-03-25T12:00:00+00:00,6620.53,6630.15,6589.27,6610.41,31935
2026-03-25T13:00:00+00:00,6610.41,6634.09,6588.57,6589.07,47119
2026-03-25T14:00:00+00:00,6589.07,6617.09,6580.94,6611.83,57335
2026-03-25T15:00:00+00:00,6611.83,6615.08,6566.34,6594.45,54631
2026-03-25T16:00:00+00:00,6594.45,6607.83,6584.32,6602.33,41821
2026-03-25T17:00:00+00:00,6602.33,6618.84,6593.83,6603.82,35365
2026-03-25T18:00:00+00:00,6603.82,6609.59,6581.34,6589.82,26590
2026-03-25T19:00:00+00:00,6589.82,6598.08,6580.33,6592.07,25972
2026-03-25T20:00:00+00:00,6592.07,6596.78,6585.27,6590.63,4080
2026-03-25T22:00:00+00:00,6590.63,6590.89,6579.37,6580.27,3925
2026-03-25T23:00:00+00:00,6580.27,6583.77,6572.25,6580.51,4630
2026-03-26T00:00:00+00:00,6580.51,6597.52,6579.75,6584.27,8471
2026-03-26T01:00:00+00:00,6584.27,6590.27,6580.01,6586.12,10188
2026-03-26T02:00:00+00:00,6586.12,6589.77,6562.87,6570.5,12324
2026-03-26T03:00:00+00:00,6570.5,6597.52,6569.87,6590,9030
2026-03-26T04:00:00+00:00,6590,6591.13,6576,6577.01,6134
2026-03-26T05:00:00+00:00,6577.01,6580.89,6562.5,6563.51,10826
2026-03-26T06:00:00+00:00,6563.51,6571.52,6558.75,6570.64,10007
2026-03-26T07:00:00+00:00,6570.64,6572.52,6552.14,6565.25,13779
2026-03-26T08:00:00+00:00,6565.25,6573.13,6544,6552.51,24155
2026-03-26T09:00:00+00:00,6552.51,6554.02,6532.12,6541.51,20558
2026-03-26T10:00:00+00:00,6541.51,6552.52,6536.62,6545.13,16111
2026-03-26T11:00:00+00:00,6545.13,6549.27,6529.54,6530.27,14953
2026-03-26T12:00:00+00:00,6530.27,6544.25,6525.01,6537.01,18734
2026-03-26T13:00:00+00:00,6537.01,6570.06,6530.93,6568.92,49507
2026-03-26T14:00:00+00:00,6568.92,6572.3,6531.55,6545.32,66676
2026-03-26T15:00:00+00:00,6545.32,6552.42,6532.06,6538.3,46924
2026-03-26T16:00:00+00:00,6538.3,6539.82,6511.54,6519.06,33322
2026-03-26T17:00:00+00:00,6519.06,6523.57,6486.8,6489.05,25831
2026-03-26T18:00:00+00:00,6489.05,6499.05,6487.55,6497.05,24431
2026-03-26T19:00:00+00:00,6497.05,6497.82,6470.8,6474.07,22744
2026-03-26T20:00:00+00:00,6474.07,6546.63,6467.77,6485.99,30233
2026-03-26T22:00:00+00:00,6485.99,6502.08,6485.99,6498.32,12090
2026-03-26T23:00:00+00:00,6498.32,6505.08,6493.58,6502.81,6428
2026-03-27T00:00:00+00:00,6502.81,6509.32,6485.81,6488.33,17140
2026-03-27T01:00:00+00:00,6488.33,6500.81,6485.82,6499.08,11866
2026-03-27T02:00:00+00:00,6499.08,6501.57,6492.43,6493.07,9858
2026-03-27T03:00:00+00:00,6493.07,6503.58,6489.83,6503.06,8535
2026-03-27T04:00:00+00:00,6503.06,6507.83,6499.56,6506.82,5113
2026-03-27T05:00:00+00:00,6506.82,6519.94,6506.82,6511.06,9669
2026-03-27T06:00:00+00:00,6511.06,6518.08,6503.31,6505.94,9446
2026-03-27T07:00:00+00:00,6505.94,6506.18,6493.31,6498.08,9701
2026-03-27T08:00:00+00:00,6498.08,6502.33,6473.82,6474.68,24844
2026-03-27T09:00:00+00:00,6474.68,6482.83,6460.31,6466.81,20403
2026-03-27T10:00:00+00:00,6466.81,6473.83,6445.81,6449.08,18577
2026-03-27T11:00:00+00:00,6449.08,6459.83,6441.57,6453.31,18045
2026-03-27T12:00:00+00:00,6453.31,6454.7,6438.32,6442.06,18108
2026-03-27T13:00:00+00:00,6442.06,6448.32,6405.73,6410.1,54013
2026-03-27T14:00:00+00:00,6410.1,6428.23,6403.36,6422,64760
2026-03-27T15:00:00+00:00,6422,6441.36,6409.61,6422.87,56299
2026-03-27T16:00:00+00:00,6422.87,6424.38,6400.62,6407.11,32504
2026-03-27T17:00:00+00:00,6407.11,6419.25,6379.13,6381.13,29049
2026-03-27T18:00:00+00:00,6381.13,6386.23,6370.86,6373.12,25158
2026-03-27T19:00:00+00:00,6373.12,6376.12,6350.1,6360.13,29526
2026-03-27T20:00:00+00:00,6360.13,6362.57,6340.81,6349.42,11190
2026-03-29T22:00:00+00:00,6349.42,6349.42,6318.56,6336.83,21462
2026-03-29T23:00:00+00:00,6336.83,6341.31,6317.33,6321.95,17322
2026-03-30T00:00:00+00:00,6321.95,6349.57,6314.82,6325.07,45076
2026-03-30T01:00:00+00:00,6325.07,6340.08,6322.56,6338.81,24256
2026-03-30T02:00:00+00:00,6338.81,6356.08,6334.56,6351.33,17092
2026-03-30T03:00:00+00:00,6351.33,6365.32,6351.06,6362.58,12304
2026-03-30T04:00:00+00:00,6362.58,6372.69,6360.81,6365.81,8370
2026-03-30T05:00:00+00:00,6365.81,6375.07,6365.57,6371.45,10059
2026-03-30T06:00:00+00:00,6371.45,6389.94,6369.94,6383.69,11949
2026-03-30T07:00:00+00:00,6383.69,6392.58,6377.31,6389.45,15565
2026-03-30T08:00:00+00:00,6389.45,6401.82,6383.56,6400.32,15257
2026-03-30T09:00:00+00:00,6400.32,6401.08,6386.57,6391.7,13738
2026-03-30T10:00:00+00:00,6391.7,6397.08,6387.33,6396.82,10789
2026-03-30T11:00:00+00:00,6396.82,6435.7,6396.56,6404.31,28160
2026-03-30T12:00:00+00:00,6404.31,6420.83,6397.35,6418.32,15703
2026-03-30T13:00:00+00:00,6418.32,6425.63,6368.37,6372.11,62868
2026-03-30T14:00:00+00:00,6372.11,6397.88,6368.86,6397.24,92874
2026-03-30T15:00:00+00:00,6397.24,6410.36,6377.36,6395.38,58112
2026-03-30T16:00:00+00:00,6395.38,6396.88,6371.38,6374.63,36784
2026-03-30T17:00:00+00:00,6374.63,6380.11,6348.37,6357.11,38387
2026-03-30T18:00:00+00:00,6357.11,6358.73,6336.33,6339.34,25474.71519437273
2026-03-30T19:00:00+00:00,6339.34,6348.85,6313.85,6342.35,40844
2026-03-30T20:00:00+00:00,6342.35,6343.030000000001,6331.530000000001,6337.77,6312
2026-03-30T22:00:00+00:00,6337.77,6347.4400000000005,6337.77,6339.070000000001,4965
2026-03-30T23:00:00+00:00,6339.070000000001,6339.070000000001,6321.9400000000005,6327.68,11733
2026-03-31T00:00:00+00:00,6327.68,6383.2,6308.93,6366.570000000001,43314
2026-03-31T01:00:00+00:00,6366.570000000001,6408.7,6354.18,6396.3,41964
2026-03-31T02:00:00+00:00,6396.3,6416.2,6392.43,6405.2,17380
2026-03-31T03:00:00+00:00,6405.2,6413.7,6397.06,6397.820000000001,11651
2026-03-31T04:00:00+00:00,6397.820000000001,6403.6900000000005,6387.3,6388.95,9986
2026-03-31T05:00:00+00:00,6388.95,6399.2,6376.93,6393.06,13920
2026-03-31T06:00:00+00:00,6393.06,6395.1900000000005,6381.93,6388.06,17579
2026-03-31T07:00:00+00:00,6388.06,6410.1900000000005,6376.4400000000005,6409.6900000000005,21252
2026-03-31T08:00:00+00:00,6409.6900000000005,6411.320000000001,6389.9400000000005,6395.2,19754
2026-03-31T09:00:00+00:00,6395.2,6404.68,6389.93,6392.93,16573
2026-03-31T10:00:00+00:00,6392.93,6400.43,6378.43,6390.05,14929
2026-03-31T11:00:00+00:00,6390.05,6421.570000000001,6386.18,6408.18,39058
2026-03-31T12:00:00+00:00,6408.18,6424.45,6392.93,6408.45,33426
2026-03-31T13:00:00+00:00,6408.45,6449.740000000001,6405.18,6449.1,66017
2026-03-31T14:00:00+00:00,6449.1,6452.25,6401.7300000000005,6408.7300000000005,80507
2026-03-31T15:00:00+00:00,6408.7300000000005,6445.240000000001,6408.4800000000005,6420.2300000000005,68322
2026-03-31T16:00:00+00:00,6420.2300000000005,6518.37,6417.25,6489.5,118740
2026-03-31T17:00:00+00:00,6489.5,6508.75,6484.240000000001,6486.740000000001,103025
2026-03-31T18:00:00+00:00,6486.740000000001,6512,6486.5,6509.25,49283
2026-03-31T19:00:00+00:00,6509.25,6537.990000000001,6502.7300000000005,6524.4800000000005,43590
2026-03-31T20:00:00+00:00,6524.4800000000005,6531.9400000000005,6516.6900000000005,6522.55,14108
2026-03-31T22:00:00+00:00,6522.55,6532.81,6516.68,6528.18,9421
2026-03-31T23:00:00+00:00,6528.18,6547.68,6524.68,6545.320000000001,6469
2026-04-01T00:00:00+00:00,6545.320000000001,6548.45,6535.9400000000005,6548.2,15874
2026-04-01T01:00:00+00:00,6548.2,6549.93,6534.68,6536.95,18280
2026-04-01T02:00:00+00:00,6536.95,6540.95,6531.18,6534.05,7577
2026-04-01T03:00:00+00:00,6534.05,6538.820000000001,6533.18,6536.18,5719
2026-04-01T04:00:00+00:00,6536.18,6543.45,6535.05,6541.320000000001,4585
2026-04-01T05:00:00+00:00,6541.320000000001,6554.93,6540.18,6548.45,8722
2026-04-01T06:00:00+00:00,6548.45,6577.45,6547.93,6575.95,17888
2026-04-01T07:00:00+00:00,6575.95,6578.4400000000005,6554.05,6555.93,17323
2026-04-01T08:00:00+00:00,6555.93,6564.2,6545.68,6557.05,21754
2026-04-01T09:00:00+00:00,6557.05,6563.320000000001,6541.93,6558.45,17372
2026-04-01T10:00:00+00:00,6558.45,6573.95,6554.18,6571.45,14960
2026-04-01T11:00:00+00:00,6571.45,6586.2,6570.05,6583.3,13503
2026-04-01T12:00:00+00:00,6583.3,6595.1900000000005,6548.93,6551.93,34316
2026-04-01T13:00:00+00:00,6551.93,6584,6545.68,6566.6,87298
2026-04-01T14:00:00+00:00,6566.6,6592.75,6560.4800000000005,6589.110000000001,101309
2026-04-01T15:00:00+00:00,6589.110000000001,6605.25,6583,6602.5,37824
2026-04-01T16:00:00+00:00,6602.5,6605,6591.9800000000005,6601.740000000001,19562
2026-04-01T17:00:00+00:00,6601.740000000001,6609.240000000001,6591.2300000000005,6591.240000000001,13510
2026-04-01T18:00:00+00:00,6591.240000000001,6593,6559.7300000000005,6567.240000000001,45474
2026-04-01T19:00:00+00:00,6567.240000000001,6590.25,6565.7300000000005,6574.9800000000005,30764
2026-04-01T20:00:00+00:00,6574.9800000000005,6579.2,6571.68,6572.95,5651
2026-04-01T22:00:00+00:00,6572.95,6577.96,6566.7,6568.7,5777
2026-04-01T23:00:00+00:00,6568.7,6575.22,6566.2,6570.72,4369
2026-04-02T00:00:00+00:00,6570.72,6588.47,6563.45,6586.72,18642
2026-04-02T01:00:00+00:00,6586.72,6587.570000000001,6509.46,6515.58,67910
2026-04-02T02:00:00+00:00,6515.58,6521.72,6497.820000000001,6506.2,25595
2026-04-02T03:00:00+00:00,6506.2,6507.72,6491.95,6493.320000000001,12265
2026-04-02T04:00:00+00:00,6493.320000000001,6496.97,6487.2,6489.47,9237
2026-04-02T05:00:00+00:00,6489.47,6496.45,6478.34,6478.72,10828
2026-04-02T06:00:00+00:00,6478.72,6489.47,6476.2,6488.84,13186
2026-04-02T07:00:00+00:00,6488.84,6505.72,6483.97,6504.97,14533
2026-04-02T08:00:00+00:00,6504.97,6506.96,6493.820000000001,6498.2,11430
2026-04-02T09:00:00+00:00,6498.2,6503.7,6493.21,6496.95,9328
2026-04-02T10:00:00+00:00,6496.95,6499.45,6482.22,6492.59,13167
2026-04-02T11:00:00+00:00,6492.59,6494.45,6464.33,6464.47,16021
2026-04-02T12:00:00+00:00,6464.47,6480.96,6459.740000000001,6473.08,19748
2026-04-02T13:00:00+00:00,6473.08,6518.88,6470.5,6516.51,71881
2026-04-02T14:00:00+00:00,6516.51,6600.62,6505.5,6575.01,134092
2026-04-02T15:00:00+00:00,6575.01,6580.39,6551.25,6561.27,88989
2026-04-02T16:00:00+00:00,6561.27,6570.52,6542.51,6556.51,57232
2026-04-02T17:00:00+00:00,6556.51,6571.26,6546.5,6553.25,34754
2026-04-02T18:00:00+00:00,6553.25,6571.39,6553.13,6565.26,27314
2026-04-02T19:00:00+00:00,6565.26,6581.27,6561.01,6579.52,26903
2026-04-02T20:00:00+00:00,6579.52,6584.72,6575.2,6580.31,5829
2026-04-02T22:00:00+00:00,6580.31,6582.97,6576.2,6580.570000000001,3098
2026-04-02T23:00:00+00:00,6580.570000000001,6582.47,6577.2,6580.45,2043.7413909520594
2026-04-03T00:00:00+00:00,6580.45,6588.820000000001,6578.72,6580.7,5878
2026-04-03T01:00:00+00:00,6580.7,6581.72,6574.95,6575.34,2749
2026-04-03T02:00:00+00:00,6575.34,6577.22,6565.21,6570.070000000001,4139
2026-04-03T03:00:00+00:00,6570.070000000001,6573.71,6567.7,6569.21,2448
2026-04-03T04:00:00+00:00,6569.21,6571.95,6565.72,6567.58,1897
2026-04-03T05:00:00+00:00,6567.58,6572.72,6565.22,6569.97,2186
2026-04-03T06:00:00+00:00,6569.97,6570.45,6559.2,6562.7,2523
2026-04-03T07:00:00+00:00,6562.7,6567.47,6555.2,6563.71,2506
2026-04-03T08:00:00+00:00,6563.71,6566.47,6560.7,6562.58,1563
2026-04-03T09:00:00+00:00,6562.58,6563.570000000001,6559.2,6560.71,1513
2026-04-03T10:00:00+00:00,6560.71,6561.47,6557.2,6560.45,1690
2026-04-03T11:00:00+00:00,6560.45,6567.71,6554.95,6564.21,2642
2026-04-03T12:00:00+00:00,6564.21,6595.47,6555.2,6556.84,12508
2026-04-03T13:00:00+00:00,6556.84,6562.97,6555.2,6560.2,1766
2026-04-05T22:00:00+00:00,6560.73,6560.73,6525.76,6546.13,21476
2026-04-05T23:00:00+00:00,6546.13,6547.76,6536.88,6545.99,12554.585062695067
2026-04-06T00:00:00+00:00,6545.99,6569.12,6544.73,6567.75,17342
2026-04-06T01:00:00+00:00,6567.75,6576.25,6565.37,6568.37,8805
2026-04-06T02:00:00+00:00,6568.37,6594.38,6567.11,6574.37,16382
2026-04-06T03:00:00+00:00,6574.37,6575.13,6553.88,6570.62,12674
2026-04-06T04:00:00+00:00,6570.62,6580.86,6569.63,6579.37,6243
2026-04-06T05:00:00+00:00,6579.37,6582.62,6571.87,6575.62,6301
2026-04-06T06:00:00+00:00,6575.62,6590.5,6573.23,6582.98,11275
2026-04-06T07:00:00+00:00,6582.98,6597.86,6572.75,6593.12,10712
2026-04-06T08:00:00+00:00,6593.12,6608.12,6593.12,6603.38,10325
2026-04-06T09:00:00+00:00,6603.38,6609.38,6594.12,6595.63,8226
2026-04-06T10:00:00+00:00,6595.63,6601.13,6579.39,6589.5,10384
2026-04-06T11:00:00+00:00,6589.5,6589.5,6582.61,6585.5,9929
2026-04-06T12:00:00+00:00,6585.5,6593.86,6581.36,6587.86,9259
2026-04-06T13:00:00+00:00,6587.86,6607.29,6576.66,6607.29,46835
2026-04-06T14:00:00+00:00,6607.29,6619.03,6582.66,6597.05,66527
2026-04-06T15:00:00+00:00,6597.05,6602.68,6585.28,6600.93,36119
2026-04-06T16:00:00+00:00,6600.93,6607.28,6594.42,6601.67,19109
2026-04-06T17:00:00+00:00,6601.67,6601.93,6577.41,6586.92,35140
2026-04-06T18:00:00+00:00,6586.92,6608.67,6584.54,6605.42,26606
2026-04-06T19:00:00+00:00,6605.42,6611.67,6600.3,6611.42,14898
2026-04-06T20:00:00+00:00,6611.42,6612.13,6604.88,6609.23,4695
2026-04-06T22:00:00+00:00,6609.23,6618.57,6601.92,6602.67,7247
2026-04-06T23:00:00+00:00,6602.67,6609.07,6601.05,6601.19,2899
2026-04-07T00:00:00+00:00,6601.19,6614.07,6597.3,6600.42,12264
2026-04-07T01:00:00+00:00,6600.42,6602.82,6571.43,6573.44,16464
2026-04-07T02:00:00+00:00,6573.44,6582.32,6568.68,6580.44,12320
2026-04-07T03:00:00+00:00,6580.44,6583.8099999999995,6575.8,6581.68,6309
2026-04-07T04:00:00+00:00,6581.68,6588.32,6575.8099999999995,6585.3,7080
2026-04-07T05:00:00+00:00,6585.3,6588.19,6576.8,6582.05,7348
2026-04-07T06:00:00+00:00,6582.05,6587.3,6578.0599999999995,6586.3,8668
2026-04-07T07:00:00+00:00,6586.3,6589.43,6580.67,6587.3099999999995,11993
2026-04-07T08:00:00+00:00,6587.3099999999995,6618.69,6587.17,6614.32,24723
2026-04-07T09:00:00+00:00,6614.32,6626.32,6612.8,6620.18,13003
2026-04-07T10:00:00+00:00,6620.18,6623.55,6573.18,6577.43,26664
2026-04-07T11:00:00+00:00,6577.43,6590.67,6570.8099999999995,6579.0599999999995,19064
2026-04-07T12:00:00+00:00,6579.0599999999995,6599.3,6562.0599999999995,6583.42,23860
2026-04-07T13:00:00+00:00,6583.42,6598.099999999999,6561.849999999999,6562.349999999999,49002
2026-04-07T14:00:00+00:00,6562.349999999999,6575.61,6541.11,6547.849999999999,58119
2026-04-07T15:00:00+00:00,6547.849999999999,6565.49,6532.349999999999,6560.099999999999,43765
2026-04-07T16:00:00+00:00,6560.099999999999,6591.87,6559.86,6582.87,38722
2026-04-07T17:00:00+00:00,6582.87,6605.73,6576.86,6589.61,32464
2026-04-07T18:00:00+00:00,6589.61,6592.36,6556.36,6562.099999999999,24392
2026-04-07T19:00:00+00:00,6562.099999999999,6618.22,6556.349999999999,6615.099999999999,53477
2026-04-07T20:00:00+00:00,6615.099999999999,6632.92,6608.68,6623.03,19588
2026-04-07T22:00:00+00:00,6623.03,6754.67,6617.34,6753.19,45918
2026-04-07T23:00:00+00:00,6753.19,6780.07,6745.33,6765.68,30996
2026-04-08T00:00:00+00:00,6765.68,6771.32,6749.8099999999995,6765.05,21884
2026-04-08T01:00:00+00:00,6765.05,6774.3099999999995,6760.3099999999995,6770.5599999999995,12126
2026-04-08T02:00:00+00:00,6770.5599999999995,6779.32,6770.5599999999995,6778.94,6405
2026-04-08T03:00:00+00:00,6778.94,6780.32,6773.32,6776.5599999999995,4584
2026-04-08T04:00:00+00:00,6776.5599999999995,6786.07,6776.55,6781.05,5538
2026-04-08T05:00:00+00:00,6781.05,6798.82,6779.3,6797.57,8319
2026-04-08T06:00:00+00:00,6797.57,6799.32,6790.05,6791.32,12068
2026-04-08T07:00:00+00:00,6791.32,6794.3099999999995,6778.92,6780.19,18139
2026-04-08T08:00:00+00:00,6780.19,6796.05,6778.55,6795.3,15329
2026-04-08T09:00:00+00:00,6795.3,6802.0599999999995,6789.3099999999995,6793.3099999999995,11228
2026-04-08T10:00:00+00:00,6793.3099999999995,6799.0599999999995,6788.8,6795.05,8722
2026-04-08T11:00:00+00:00,6795.05,6808.57,6790.05,6800.8,14079
2026-04-08T12:00:00+00:00,6800.8,6806.8,6782.3,6793.17,24776
2026-04-08T13:00:00+00:00,6793.17,6798.12,6766.599999999999,6773.099999999999,61873
2026-04-08T14:00:00+00:00,6773.099999999999,6780.099999999999,6741.61,6755.36,72172
2026-04-08T15:00:00+00:00,6755.36,6777.87,6751.36,6775.37,39866
2026-04-08T16:00:00+00:00,6775.37,6789.12,6771.099999999999,6787.349999999999,19273
2026-04-08T17:00:00+00:00,6787.349999999999,6791.12,6774.11,6784.349999999999,22689
2026-04-08T18:00:00+00:00,6784.349999999999,6792.87,6754.599999999999,6755.47,36720
2026-04-08T19:00:00+00:00,6755.47,6786.49,6754.099999999999,6785.12,32470
2026-04-08T20:00:00+00:00,6785.12,6788.32,6775.8,6777.79,6101
2026-04-08T22:00:00+00:00,6777.79,6785.13,6771.73,6777.88,5048
2026-04-08T23:00:00+00:00,6777.88,6782.87,6774.11,6774.87,3659
2026-04-09T00:00:00+00:00,6774.87,6779.37,6768.61,6773.61,12889
2026-04-09T01:00:00+00:00,6773.61,6776,6765.63,6773,7976
2026-04-09T02:00:00+00:00,6773,6776.88,6771.61,6772.12,5109
2026-04-09T03:00:00+00:00,6772.12,6773.88,6768.11,6772.38,3700
2026-04-09T04:00:00+00:00,6772.38,6773.38,6769.62,6770.75,2997
2026-04-09T05:00:00+00:00,6770.75,6778.13,6766.86,6773.62,5089
2026-04-09T06:00:00+00:00,6773.62,6779.13,6768.11,6773.12,7664
2026-04-09T07:00:00+00:00,6773.12,6775.37,6756.11,6760.62,10105
2026-04-09T08:00:00+00:00,6760.62,6763.87,6754.61,6757.12,9254
2026-04-09T09:00:00+00:00,6757.12,6764.5,6754.61,6763.87,6633
2026-04-09T10:00:00+00:00,6763.87,6766.49,6756.86,6757.62,8435
2026-04-09T11:00:00+00:00,6757.62,6769.63,6756.36,6767.37,9923
2026-04-09T12:00:00+00:00,6767.37,6774.87,6762.88,6768.88,13108
2026-04-09T13:00:00+00:00,6768.88,6783.68,6766.37,6778.67,36947
2026-04-09T14:00:00+00:00,6778.67,6782.93,6763.79,6778.92,37850
2026-04-09T15:00:00+00:00,6778.92,6815.18,6771.91,6814.43,44680
2026-04-09T16:00:00+00:00,6814.43,6833.93,6814.17,6824.92,26428
2026-04-09T17:00:00+00:00,6824.92,6837.93,6822.66,6831.67,18239
2026-04-09T18:00:00+00:00,6831.67,6832.43,6810.15,6817.42,30145
2026-04-09T19:00:00+00:00,6817.42,6833.18,6815.41,6823.93,19572
2026-04-09T20:00:00+00:00,6823.93,6825.38,6818.36,6822.73,4440
2026-04-09T22:00:00+00:00,6822.73,6825.28,6815.76,6816.7699999999995,5174
2026-04-09T23:00:00+00:00,6816.7699999999995,6821.4,6814.01,6818.89,2512
2026-04-10T00:00:00+00:00,6818.89,6828.26,6815.01,6827.15,5381
2026-04-10T01:00:00+00:00,6827.15,6832.28,6823.76,6829.01,4769
2026-04-10T02:00:00+00:00,6829.01,6829.78,6822.76,6826.0199999999995,2970
2026-04-10T03:00:00+00:00,6826.0199999999995,6831.28,6825.51,6829.53,2358
2026-04-10T04:00:00+00:00,6829.53,6830.03,6824.51,6825.53,2123
2026-04-10T05:00:00+00:00,6825.53,6828.89,6824.2699999999995,6824.78,2608
2026-04-10T06:00:00+00:00,6824.78,6825.53,6817.0199999999995,6819.26,4518
2026-04-10T07:00:00+00:00,6819.26,6826.78,6818.01,6824.51,5731
2026-04-10T08:00:00+00:00,6824.51,6825.0199999999995,6813.5199999999995,6814.38,6235
2026-04-10T09:00:00+00:00,6814.38,6829.78,6814.38,6825.53,11040
2026-04-10T10:00:00+00:00,6825.53,6829.53,6820.76,6827.26,5712
2026-04-10T11:00:00+00:00,6827.26,6833.78,6825.26,6827.15,5583
2026-04-10T12:00:00+00:00,6827.15,6848.78,6825.26,6834.2699999999995,13016
2026-04-10T13:00:00+00:00,6834.2699999999995,6844.58,6826.8099999999995,6832.8099999999995,27947
2026-04-10T14:00:00+00:00,6832.8099999999995,6844.83,6825.5599999999995,6838.82,31261
2026-04-10T15:00:00+00:00,6838.82,6845.83,6816.5599999999995,6819.57,24110
2026-04-10T16:00:00+00:00,6819.57,6826.33,6809.8099999999995,6819.83,18742
2026-04-10T17:00:00+00:00,6819.83,6820.86,6809.3099999999995,6819.839999999999,13288.17214143739
2026-04-10T18:00:00+00:00,6819.839999999999,6822.61,6813.839999999999,6818.839999999999,10606
2026-04-10T19:00:00+00:00,6818.839999999999,6825.36,6812.089999999999,6818.839999999999,11845
2026-04-10T20:00:00+00:00,6818.839999999999,6824.24,6814.299999999999,6824,3453
2026-04-12T22:00:00+00:00,6824,6824,6732.13,6743.39,19450
2026-04-12T23:00:00+00:00,6743.39,6749.89,6737.38,6749.4,5609
2026-04-13T00:00:00+00:00,6749.4,6765.64,6742.39,6765.39,10313
2026-04-13T01:00:00+00:00,6765.39,6772.65,6765.13,6770.02,7728
2026-04-13T02:00:00+00:00,6770.02,6771.15,6765.63,6770.64,3533
2026-04-13T03:00:00+00:00,6770.64,6772.14,6765.88,6766.51,2557
2026-04-13T04:00:00+00:00,6766.51,6775.88,6764.5,6772.65,3250
2026-04-13T05:00:00+00:00,6772.65,6774.65,6767.4,6773.39,3648
2026-04-13T06:00:00+00:00,6773.39,6781.9,6773.38,6779.38,5931
2026-04-13T07:00:00+00:00,6779.38,6782.76,6775.14,6777.4,6576
2026-04-13T08:00:00+00:00,6777.4,6784.65,6775.13,6778.4,8542
2026-04-13T09:00:00+00:00,6778.4,6784.9,6777.15,6778.64,5512
2026-04-13T10:00:00+00:00,6778.64,6786.39,6776.13,6786,4746
2026-04-13T11:00:00+00:00,6786,6796.25,6768.88,6769.89,11651
2026-04-13T12:00:00+00:00,6769.89,6789.65,6767.39,6787.65,10659
2026-04-13T13:00:00+00:00,6787.65,6823.81,6786.64,6823.32,39912
2026-04-13T14:00:00+00:00,6823.32,6833.2,6810.16,6831.94,38553
2026-04-13T15:00:00+00:00,6831.94,6832.2,6818.68,6821.18,22189
2026-04-13T16:00:00+00:00,6821.18,6854.95,6816.43,6849.69,40557
2026-04-13T17:00:00+00:00,6849.69,6854.95,6845.43,6848.19,12505
2026-04-13T18:00:00+00:00,6848.19,6861.7,6848.18,6859.7,9955
2026-04-13T19:00:00+00:00,6859.7,6889.95,6857.18,6886.45,16010
2026-04-13T20:00:00+00:00,6886.45,6893.4,6884.38,6892.5,4586
2026-04-13T22:00:00+00:00,6892.5,6895.57,6889.98,6893.21,2597.1416035101715
2026-04-13T23:00:00+00:00,6893.21,6897.47,6890.95,6891.46,2731
2026-04-14T00:00:00+00:00,6891.46,6893.72,6886.45,6891.7,4607
2026-04-14T01:00:00+00:00,6891.7,6891.72,6887.96,6889.72,2655
2026-04-14T02:00:00+00:00,6889.72,6893.22,6888.95,6891.46,1653
2026-04-14T03:00:00+00:00,6891.46,6891.46,6887.95,6889.96,1475
2026-04-14T04:00:00+00:00,6889.96,6891.47,6889.2,6891.22,1096
2026-04-14T05:00:00+00:00,6891.22,6891.72,6887.45,6887.71,1913
2026-04-14T06:00:00+00:00,6887.71,6893.22,6885.95,6891.7,3038
2026-04-14T07:00:00+00:00,6891.7,6903.95,6890.45,6899.22,10490
2026-04-14T08:00:00+00:00,6899.22,6906.22,6897.45,6905.7,6327
2026-04-14T09:00:00+00:00,6905.7,6907.97,6898.46,6899.21,3867
2026-04-14T10:00:00+00:00,6899.21,6902.97,6893.95,6895.21,5296
2026-04-14T11:00:00+00:00,6895.21,6911.07,6893.95,6904.83,5984
2026-04-14T12:00:00+00:00,6904.83,6915.34,6902.45,6905.72,9547
2026-04-14T13:00:00+00:00,6905.72,6927.02,6903.2,6922.25,27287
2026-04-14T14:00:00+00:00,6922.25,6944.77,6922,6943.01,21171
2026-04-14T15:00:00+00:00,6943.01,6961,6936.75,6956.51,15536
2026-04-14T16:00:00+00:00,6956.51,6965.27,6955.63,6957.26,8798
2026-04-14T17:00:00+00:00,6957.26,6968.76,6957.26,6965.25,7778
2026-04-14T18:00:00+00:00,6965.25,6967.27,6949.27,6955.51,12720
2026-04-14T19:00:00+00:00,6955.51,6974.02,6954.75,6972.02,14933
2026-04-14T20:00:00+00:00,6972.02,6972.97,6966.45,6970.07,3226
2026-04-14T22:00:00+00:00,6970.07,6975.53,6968.53,6972.17,3154
2026-04-14T23:00:00+00:00,6972.17,6980.42,6971.9,6975.53,3174
2026-04-15T00:00:00+00:00,6975.53,6976.42,6971.9,6975.67,4073
2026-04-15T01:00:00+00:00,6975.67,6979.42,6973.92,6978.15,3209
2026-04-15T02:00:00+00:00,6978.15,6978.17,6970.66,6971.66,2491
2026-04-15T03:00:00+00:00,6971.66,6977.92,6971.4,6976.67,1525
2026-04-15T04:00:00+00:00,6976.67,6977.67,6973.9,6974.41,1211.112064194798
2026-04-15T05:00:00+00:00,6974.41,6983.65,6967.4,6970.65,7283
2026-04-15T06:00:00+00:00,6970.65,6974.65,6969.65,6972.04,3369
2026-04-15T07:00:00+00:00,6972.04,6973.67,6966.16,6972.17,5024
2026-04-15T08:00:00+00:00,6972.17,6977.17,6969.91,6975.4,4017
2026-04-15T09:00:00+00:00,6975.4,6976.92,6966.15,6967.15,6802
2026-04-15T10:00:00+00:00,6967.15,6971.92,6958.65,6968.65,10254
2026-04-15T11:00:00+00:00,6968.65,6984.27,6968.27,6975.9,10488
2026-04-15T12:00:00+00:00,6975.9,6978.42,6969.15,6975.4,8088
2026-04-15T13:00:00+00:00,6975.4,6991.72,6970.7,6984.72,27973
2026-04-15T14:00:00+00:00,6984.72,6999.72,6978.2,6995.97,22201
2026-04-15T15:00:00+00:00,6995.97,7004.47,6992.95,6998.72,14862
2026-04-15T16:00:00+00:00,6998.72,7006.97,6986.2,6994.22,14975
2026-04-15T17:00:00+00:00,6994.22,7008.97,6993.2,7003.72,9989
2026-04-15T18:00:00+00:00,7003.72,7027.47,7000.7,7025.22,14869
2026-04-15T19:00:00+00:00,7025.22,7031.45,7021.2,7026.95,12940
2026-04-15T20:00:00+00:00,7026.95,7029.17,7021.15,7025.01,2969
2026-04-15T22:00:00+00:00,7025.01,7032.34,7022.1,7032.34,2491
2026-04-15T23:00:00+00:00,7032.34,7036.329999999999,7030.329999999999,7035.339999999999,1416.8297632468998
2026-04-16T00:00:00+00:00,7035.339999999999,7042.339999999999,7032.579999999999,7040.339999999999,3518
2026-04-16T01:00:00+00:00,7040.339999999999,7043.839999999999,7037.589999999999,7039.079999999999,2654
2026-04-16T02:00:00+00:00,7039.079999999999,7042.079999999999,7037.119999999999,7038.579999999999,2067
2026-04-16T03:00:00+00:00,7038.579999999999,7042.099999999999,7037.829999999999,7037.829999999999,1727
2026-04-16T04:00:00+00:00,7037.829999999999,7039.099999999999,7036.089999999999,7037.839999999999,1242.958230958231
2026-04-16T05:00:00+00:00,7037.839999999999,7041.099999999999,7034.829999999999,7039.589999999999,2499
2026-04-16T06:00:00+00:00,7039.589999999999,7044.849999999999,7039.589999999999,7043.349999999999,3653
2026-04-16T07:00:00+00:00,7043.349999999999,7043.829999999999,7035.579999999999,7037.099999999999,3788
2026-04-16T08:00:00+00:00,7037.099999999999,7038.579999999999,7028.349999999999,7034.079999999999,4845
2026-04-16T09:00:00+00:00,7034.079999999999,7036.849999999999,7031.329999999999,7034.829999999999,2760
2026-04-16T10:00:00+00:00,7034.829999999999,7037.349999999999,7025.579999999999,7031.089999999999,4165
2026-04-16T11:00:00+00:00,7031.089999999999,7036.339999999999,7029.079999999999,7035.089999999999,4282
2026-04-16T12:00:00+00:00,7035.089999999999,7039.599999999999,7031.949999999999,7035.829999999999,4836
2026-04-16T13:00:00+00:00,7035.829999999999,7040.399999999999,7012.879999999999,7022.629999999999,31214
2026-04-16T14:00:00+00:00,7022.629999999999,7029.629999999999,7014.149999999999,7026.879999999999,34440
2026-04-16T15:00:00+00:00,7026.879999999999,7051.629999999999,7026.879999999999,7050.399999999999,24020
2026-04-16T16:00:00+00:00,7050.399999999999,7055.649999999999,7029.639999999999,7036.139999999999,19468
2026-04-16T17:00:00+00:00,7036.139999999999,7043.139999999999,7025.879999999999,7034.149999999999,20655
2026-04-16T18:00:00+00:00,7034.149999999999,7040.009999999999,7022.649999999999,7035.399999999999,20665
2026-04-16T19:00:00+00:00,7035.399999999999,7047.389999999999,7034.139999999999,7043.129999999999,13653
2026-04-16T20:00:00+00:00,7043.129999999999,7046.349999999999,7041.079999999999,7044.929999999999,3591
2026-04-16T22:00:00+00:00,7044.929999999999,7050.449999999999,7043.0599999999995,7049.579999999999,2117
2026-04-16T23:00:00+00:00,7049.579999999999,7052.819999999999,7048.8099999999995,7050.8099999999995,1326
2026-04-17T00:00:00+00:00,7050.8099999999995,7051.679999999999,7045.319999999999,7050.199999999999,3795
2026-04-17T01:00:00+00:00,7050.199999999999,7052.069999999999,7048.569999999999,7050.569999999999,2693
2026-04-17T02:00:00+00:00,7050.569999999999,7051.449999999999,7044.8099999999995,7046.079999999999,1923
2026-04-17T03:00:00+00:00,7046.079999999999,7046.829999999999,7043.8099999999995,7045.5599999999995,1446
2026-04-17T04:00:00+00:00,7045.5599999999995,7050.329999999999,7044.819999999999,7046.829999999999,1132
2026-04-17T05:00:00+00:00,7046.829999999999,7049.329999999999,7042.8099999999995,7048.819999999999,2065
2026-04-17T06:00:00+00:00,7048.819999999999,7051.079999999999,7044.569999999999,7047.3099999999995,3202
2026-04-17T07:00:00+00:00,7047.3099999999995,7055.079999999999,7047.3099999999995,7054.069999999999,4199
2026-04-17T08:00:00+00:00,7054.069999999999,7058.329999999999,7052.0599999999995,7058.069999999999,3079
2026-04-17T09:00:00+00:00,7058.069999999999,7061.329999999999,7055.3099999999995,7060.449999999999,2496
2026-04-17T10:00:00+00:00,7060.449999999999,7062.819999999999,7055.5599999999995,7059.069999999999,2413
2026-04-17T11:00:00+00:00,7059.069999999999,7069.579999999999,7058.8099999999995,7068.569999999999,3378
2026-04-17T12:00:00+00:00,7068.569999999999,7104.329999999999,7067.0599999999995,7103.319999999999,24837
2026-04-17T13:00:00+00:00,7103.319999999999,7114.829999999999,7084.599999999999,7110.859999999999,66839
2026-04-17T14:00:00+00:00,7110.859999999999,7142.129999999999,7108.859999999999,7133.359999999999,32011
2026-04-17T15:00:00+00:00,7133.359999999999,7142.379999999999,7127.109999999999,7136.609999999999,29759
2026-04-17T16:00:00+00:00,7136.609999999999,7153.129999999999,7134.359999999999,7148.619999999999,12995
2026-04-17T17:00:00+00:00,7148.619999999999,7151.129999999999,7119.089999999999,7132.889999999999,34087.27867047449
2026-04-17T18:00:00+00:00,7132.889999999999,7134.9,7121.11,7126.15,20737
2026-04-17T19:00:00+00:00,7126.15,7133.65,7119.4,7129.629999999999,17341
2026-04-17T20:00:00+00:00,7129.629999999999,7134.58,7127.08,7130.32,2879
2026-04-19T22:00:00+00:00,7130.32,7130.32,7054.67,7080.15,16852
2026-04-19T23:00:00+00:00,7080.15,7083.66,7072.15,7076.27,4452
2026-04-20T00:00:00+00:00,7076.27,7083.42,7071.03,7082.17,9086
2026-04-20T01:00:00+00:00,7082.17,7096.15,7081.65,7093.92,5808
2026-04-20T02:00:00+00:00,7093.92,7094.15,7089.15,7091.4,2564
2026-04-20T03:00:00+00:00,7091.4,7093.16,7088.4,7088.79,2192
2026-04-20T04:00:00+00:00,7088.79,7091.17,7085.42,7089.92,2210
2026-04-20T05:00:00+00:00,7089.92,7090.42,7079.15,7083.42,4551
2026-04-20T06:00:00+00:00,7083.42,7098.15,7083.15,7093.9,8078
2026-04-20T07:00:00+00:00,7093.9,7100.67,7084.15,7088.42,14175
2026-04-20T08:00:00+00:00,7088.42,7100.67,7079.65,7098.9,10207
2026-04-20T09:00:00+00:00,7098.9,7103.42,7094.9,7097.65,5612
2026-04-20T10:00:00+00:00,7097.65,7105.78,7094.92,7095.91,4936
2026-04-20T11:00:00+00:00,7095.91,7100.17,7090.4,7098.65,7411
2026-04-20T12:00:00+00:00,7098.65,7110.42,7096.16,7105.9,8469
2026-04-20T13:00:00+00:00,7105.9,7128.97,7104.4,7126.47,43753
2026-04-20T14:00:00+00:00,7126.47,7126.97,7094.42,7101.46,50294
2026-04-20T15:00:00+00:00,7101.46,7114.72,7091.2,7105.72,42031
2026-04-20T16:00:00+00:00,7105.72,7110.72,7099.7,7106.2,14938
2026-04-20T17:00:00+00:00,7106.2,7113.72,7102.45,7107.22,13668
2026-04-20T18:00:00+00:00,7107.22,7116.22,7104.7,7112.7,11849
2026-04-20T19:00:00+00:00,7112.7,7118.72,7106.21,7117.96,9292
2026-04-20T20:00:00+00:00,7117.96,7129.92,7114.65,7121.77,5680
2026-04-20T22:00:00+00:00,7121.77,7131.57,7120.8,7129.05,2914
2026-04-20T23:00:00+00:00,7129.05,7129.31,7124.8,7125.81,1065
2026-04-21T00:00:00+00:00,7125.81,7131.07,7120.81,7129.05,5836
2026-04-21T01:00:00+00:00,7129.05,7133.07,7126.3,7129.3,3362
2026-04-21T02:00:00+00:00,7129.3,7131.32,7128.3,7128.57,1688
2026-04-21T03:00:00+00:00,7128.57,7129.32,7124.05,7127.56,1517
2026-04-21T04:00:00+00:00,7127.56,7132.07,7127.55,7131.31,874
2026-04-21T05:00:00+00:00,7131.31,7135.82,7130.8,7131.31,2054
2026-04-21T06:00:00+00:00,7131.31,7136.57,7130.06,7133.55,3121
2026-04-21T07:00:00+00:00,7133.55,7133.82,7127.06,7128.81,5611
2026-04-21T08:00:00+00:00,7128.81,7137.55,7125.06,7134.56,5261
2026-04-21T09:00:00+00:00,7134.56,7140.07,7129.07,7139.3,4146
2026-04-21T10:00:00+00:00,7139.3,7148.07,7138.57,7146.56,3483
2026-04-21T11:00:00+00:00,7146.56,7153.57,7140.8,7146.31,7179
2026-04-21T12:00:00+00:00,7146.31,7147.82,7131.3,7134.8,12364
2026-04-21T13:00:00+00:00,7134.8,7139.12,7117.85,7138.24,33078
2026-04-21T14:00:00+00:00,7138.24,7143.36,7104.85,7106.11,35222
2026-04-21T15:00:00+00:00,7106.11,7112.11,7090.11,7097.11,55495
2026-04-21T16:00:00+00:00,7097.11,7109.12,7084.62,7085.36,29252
2026-04-21T17:00:00+00:00,7085.36,7103.86,7067.35,7087.62,50707
2026-04-21T18:00:00+00:00,7087.62,7098.61,7076.35,7092.87,33679
2026-04-21T19:00:00+00:00,7092.87,7109.12,7055.85,7071.36,60981
2026-04-21T20:00:00+00:00,7071.36,7109.59,7062.55,7093.16,31743
2026-04-21T22:00:00+00:00,7093.16,7101.93,7092.95,7095.82,3933
2026-04-21T23:00:00+00:00,7095.82,7102.95,7094.44,7102.68,2368
2026-04-22T00:00:00+00:00,7102.68,7111.06,7102.68,7105.93,4517
2026-04-22T01:00:00+00:00,7105.93,7113.45,7105.68,7111.18,3753
2026-04-22T02:00:00+00:00,7111.18,7114.45,7110.69,7111.19,2168
2026-04-22T03:00:00+00:00,7111.19,7112.95,7107.05,7107.43,1896
2026-04-22T04:00:00+00:00,7107.43,7109.44,7101.18,7101.68,2137
2026-04-22T05:00:00+00:00,7101.68,7119.19,7100.2,7112.44,7214
2026-04-22T06:00:00+00:00,7112.44,7115.2,7105.45,7113.55,4189
2026-04-22T07:00:00+00:00,7113.55,7118.45,7111.18,7113.95,6184
2026-04-22T08:00:00+00:00,7113.95,7115.81,7101.68,7110.05,7679
2026-04-22T09:00:00+00:00,7110.05,7118.19,7105.68,7109.93,7694
2026-04-22T10:00:00+00:00,7109.93,7115.05,7104.44,7110.45,6796
2026-04-22T11:00:00+00:00,7110.45,7114.45,7107.19,7113.44,6692
2026-04-22T12:00:00+00:00,7113.44,7128.32,7109.7,7110.55,10720
2026-04-22T13:00:00+00:00,7110.55,7125.25,7109.18,7124.24,42061
2026-04-22T14:00:00+00:00,7124.24,7137.75,7118,7130.75,35271
2026-04-22T15:00:00+00:00,7130.75,7135.75,7121.73,7126.5,23922
2026-04-22T16:00:00+00:00,7126.5,7131.6,7118.23,7119.36,17264
2026-04-22T17:00:00+00:00,7119.36,7134.5,7119.23,7129.99,16661
2026-04-22T18:00:00+00:00,7129.99,7132,7121.98,7126.23,8183
2026-04-22T19:00:00+00:00,7126.23,7144.5,7121.73,7142,16516
2026-04-22T20:00:00+00:00,7142,7144.45,7127.69,7136.04,8634
2026-04-22T22:00:00+00:00,7136.04,7137.02,7131.26,7133.48,3252.130324800162
2026-04-22T23:00:00+00:00,7133.48,7136.249999999999,7132.23,7135.499999999999,1264.6604222892522
2026-04-23T00:00:00+00:00,7135.499999999999,7135.999999999999,7078.489999999999,7127.619999999999,32411
2026-04-23T01:00:00+00:00,7127.619999999999,7128.009999999998,7112.489999999999,7114.239999999999,10686
2026-04-23T02:00:00+00:00,7114.239999999999,7115.259999999998,7105.009999999998,7106.119999999999,11397
2026-04-23T03:00:00+00:00,7106.119999999999,7109.239999999999,7091.759999999998,7099.999999999999,9832
2026-04-23T04:00:00+00:00,7099.999999999999,7108.369999999999,7096.359999999999,7107.989999999999,4544
2026-04-23T05:00:00+00:00,7107.989999999999,7113.259999999998,7103.739999999999,7111.109999999999,5887
2026-04-23T06:00:00+00:00,7111.109999999999,7117.509999999998,7110.989999999999,7116.249999999999,5951
2026-04-23T07:00:00+00:00,7116.249999999999,7121.759999999998,7113.239999999999,7117.879999999998,9200
2026-04-23T08:00:00+00:00,7117.879999999998,7119.509999999998,7103.749999999999,7105.739999999999,9857
2026-04-23T09:00:00+00:00,7105.739999999999,7113.259999999998,7098.489999999999,7108.009999999998,9589
2026-04-23T10:00:00+00:00,7108.009999999998,7115.739999999999,7102.019999999999,7114.509999999998,9179
2026-04-23T11:00:00+00:00,7114.509999999998,7133.509999999998,7106.999999999999,7130.989999999999,13610
2026-04-23T12:00:00+00:00,7130.989999999999,7141.859999999999,7109.259999999998,7124.859999999999,20536
2026-04-23T13:00:00+00:00,7124.859999999999,7143.809999999999,7116.249999999999,7132.539999999999,31071
2026-04-23T14:00:00+00:00,7132.539999999999,7151.309999999999,7122.039999999999,7147.789999999999,34457
2026-04-23T15:00:00+00:00,7147.789999999999,7154.309999999999,7137.289999999999,7141.559999999999,22529
2026-04-23T16:00:00+00:00,7141.559999999999,7143.059999999999,7133.289999999999,7139.059999999999,17071
2026-04-23T17:00:00+00:00,7139.059999999999,7141.299999999998,7052.409999999999,7096.299999999998,118967
2026-04-23T18:00:00+00:00,7096.299999999998,7125.059999999999,7092.159999999999,7101.049999999998,53864
2026-04-23T19:00:00+00:00,7101.049999999998,7119.559999999999,7094.309999999999,7115.049999999998,36251
2026-04-23T20:00:00+00:00,7115.049999999998,7117.499999999999,7101.489999999999,7105.479999999999,10872
2026-04-23T22:00:00+00:00,7105.479999999999,7121.319999999999,7105.479999999999,7119.939999999999,4280
2026-04-23T23:00:00+00:00,7119.939999999999,7126.9299999999985,7117.549999999998,7126.809999999999,2053
2026-04-24T00:00:00+00:00,7126.809999999999,7134.819999999999,7124.059999999999,7129.809999999999,6351
2026-04-24T01:00:00+00:00,7129.809999999999,7131.1799999999985,7124.299999999998,7130.059999999999,6566
2026-04-24T02:00:00+00:00,7130.059999999999,7130.319999999999,7113.799999999998,7115.9299999999985,5757
2026-04-24T03:00:00+00:00,7115.9299999999985,7118.069999999999,7109.799999999998,7112.559999999999,5493
2026-04-24T04:00:00+00:00,7112.559999999999,7118.569999999999,7110.549999999998,7117.799999999998,4661
2026-04-24T05:00:00+00:00,7117.799999999998,7124.819999999999,7113.299999999998,7124.309999999999,4089
2026-04-24T06:00:00+00:00,7124.309999999999,7125.819999999999,7118.549999999998,7120.669999999998,4643
2026-04-24T07:00:00+00:00,7120.669999999998,7128.819999999999,7119.799999999998,7127.069999999999,6620
2026-04-24T08:00:00+00:00,7127.069999999999,7132.809999999999,7114.819999999999,7116.939999999999,12184
2026-04-24T09:00:00+00:00,7116.939999999999,7120.069999999999,7108.799999999998,7117.189999999999,8599
2026-04-24T10:00:00+00:00,7117.189999999999,7126.069999999999,7115.049999999998,7124.319999999999,6145
2026-04-24T11:00:00+00:00,7124.319999999999,7162.809999999999,7124.059999999999,7144.549999999998,32354
2026-04-24T12:00:00+00:00,7144.549999999998,7151.309999999999,7127.809999999999,7135.809999999999,18948
2026-04-24T13:00:00+00:00,7135.809999999999,7143.819999999999,7118.5999999999985,7127.989999999999,41169
2026-04-24T14:00:00+00:00,7127.989999999999,7145.119999999999,7119.859999999999,7143.359999999999,54984
2026-04-24T15:00:00+00:00,7143.359999999999,7170.869999999999,7140.859999999999,7167.0999999999985,41917
2026-04-24T16:00:00+00:00,7167.0999999999985,7169.119999999999,7157.8499999999985,7165.119999999999,18699
2026-04-24T17:00:00+00:00,7165.119999999999,7173.669999999998,7156.3499999999985,7165.409999999998,15848.100618556702
2026-04-24T18:00:00+00:00,7165.409999999998,7166.919999999998,7158.129999999998,7164.159999999998,10486
2026-04-24T19:00:00+00:00,7164.159999999998,7173.409999999998,7163.159999999998,7167.899999999998,13721
2026-04-24T20:00:00+00:00,7167.899999999998,7170.359999999998,7163.57,7169.08,2079
2026-04-26T22:00:00+00:00,7169.08,7169.08,7146.66,7157.42,6258
2026-04-26T23:00:00+00:00,7157.42,7157.93,7150.41,7153.93,2499
2026-04-27T00:00:00+00:00,7153.93,7168.43,7152.41,7165.91,7030
2026-04-27T01:00:00+00:00,7165.91,7183.17,7165.16,7182.79,9857
2026-04-27T02:00:00+00:00,7182.79,7183.68,7177.18,7178.66,3331
2026-04-27T03:00:00+00:00,7178.66,7182.17,7176.92,7178.18,2803
2026-04-27T04:00:00+00:00,7178.18,7180.42,7174.92,7175.93,2197
2026-04-27T05:00:00+00:00,7175.93,7176.18,7163.41,7164.92,5053
2026-04-27T06:00:00+00:00,7164.92,7166.92,7161.41,7163.42,6049
2026-04-27T07:00:00+00:00,7163.42,7165.43,7160.41,7162.29,6952
2026-04-27T08:00:00+00:00,7162.29,7165.43,7156.66,7164.18,7458
2026-04-27T09:00:00+00:00,7164.18,7166.43,7162.42,7164.18,2818
2026-04-27T10:00:00+00:00,7164.18,7170.43,7161.92,7169.16,3413
2026-04-27T11:00:00+00:00,7169.16,7173.79,7168.91,7171.92,4149
2026-04-27T12:00:00+00:00,7171.92,7172.67,7160.42,7163.68,9797
2026-04-27T13:00:00+00:00,7163.68,7173.73,7155.85,7170.98,41569
2026-04-27T14:00:00+00:00,7170.98,7174.22,7160.71,7166.23,40697
2026-04-27T15:00:00+00:00,7166.23,7167.98,7152.45,7163.96,22453
2026-04-27T16:00:00+00:00,7163.96,7173.23,7161.71,7171.46,13223
2026-04-27T17:00:00+00:00,7171.46,7182.48,7168.97,7178.98,17041
2026-04-27T18:00:00+00:00,7178.98,7182.73,7177.21,7178.47,9500
2026-04-27T19:00:00+00:00,7178.47,7186.48,7176.96,7182.47,13447
2026-04-27T20:00:00+00:00,7182.47,7182.93,7177.41,7180.42,2235
2026-04-27T22:00:00+00:00,7180.42,7196.88,7180.42,7192.5,4947
2026-04-27T23:00:00+00:00,7192.5,7195.87,7190.88,7193.11,1818
2026-04-28T00:00:00+00:00,7193.11,7199.13,7188.11,7189.88,7087
2026-04-28T01:00:00+00:00,7189.88,7195.13,7184.11,7184.73,6564
2026-04-28T02:00:00+00:00,7184.73,7187.88,7180.61,7181.88,4429
2026-04-28T03:00:00+00:00,7181.88,7187.88,7180.73,7184.13,3353
2026-04-28T04:00:00+00:00,7184.13,7188.88,7183,7185.36,2363
2026-04-28T05:00:00+00:00,7185.36,7186.37,7172.13,7174.36,6002
2026-04-28T06:00:00+00:00,7174.36,7176.88,7167.12,7169.73,6754
2026-04-28T07:00:00+00:00,7169.73,7173.88,7166.61,7172.87,9833
2026-04-28T08:00:00+00:00,7172.87,7177.87,7164.36,7176.61,10547
2026-04-28T09:00:00+00:00,7176.61,7177.12,7163.88,7167.63,9461
2026-04-28T10:00:00+00:00,7167.63,7170.63,7162.11,7165.13,7978
2026-04-28T11:00:00+00:00,7165.13,7167.63,7131.36,7134.38,21557
2026-04-28T12:00:00+00:00,7134.38,7145.88,7123.61,7145.38,30008
2026-04-28T13:00:00+00:00,7145.38,7158.93,7136.61,7145.78,50016
2026-04-28T14:00:00+00:00,7145.78,7153.41,7122.16,7135.03,68020
2026-04-28T15:00:00+00:00,7135.03,7140.68,7123.66,7129.68,47040
2026-04-28T16:00:00+00:00,7129.68,7135.68,7123.16,7131.42,28348
2026-04-28T17:00:00+00:00,7131.42,7141.43,7124.16,7140.41,20044
2026-04-28T18:00:00+00:00,7140.41,7146.43,7137.66,7145.18,16493
2026-04-28T19:00:00+00:00,7145.18,7152.18,7142.41,7147.67,19340
2026-04-28T20:00:00+00:00,7147.67,7152.13,7143.61,7148.36,4020
2026-04-28T22:00:00+00:00,7148.36,7154.75,7148.36,7152.75,2758
2026-04-28T23:00:00+00:00,7152.75,7156.52,7151,7156.25,1034.2663677130045
2026-04-29T00:00:00+00:00,7156.25,7164.77,7156.25,7160.27,2701.3097345132746
2026-04-29T01:00:00+00:00,7160.27,7160.52,7146.03,7155.26,9817
2026-04-29T02:00:00+00:00,7155.26,7162.02,7155.25,7158.52,3740
2026-04-29T03:00:00+00:00,7158.52,7162.27,7158.25,7159.5,1724
2026-04-29T04:00:00+00:00,7159.5,7163.77,7159.38,7161.51,1189
2026-04-29T05:00:00+00:00,7161.51,7164.02,7159,7162.01,1586
2026-04-29T06:00:00+00:00,7162.01,7165.27,7156.25,7156.5,3495
2026-04-29T07:00:00+00:00,7156.5,7160.27,7146.25,7151.51,7753
2026-04-29T08:00:00+00:00,7151.51,7157.02,7143.26,7149.51,13263
2026-04-29T09:00:00+00:00,7149.51,7154.75,7144.25,7146.27,8399
2026-04-29T10:00:00+00:00,7146.27,7158.01,7143.5,7153.27,6258
2026-04-29T11:00:00+00:00,7153.27,7156.77,7146.75,7150.25,7438
2026-04-29T12:00:00+00:00,7150.25,7151.52,7138,7145.75,9837
2026-04-29T13:00:00+00:00,7145.75,7150.63,7126.55,7137.8,34222
2026-04-29T14:00:00+00:00,7137.8,7152.32,7132.8,7144.81,26665
2026-04-29T15:00:00+00:00,7144.81,7145.57,7122.05,7130.55,31782
2026-04-29T16:00:00+00:00,7130.55,7137.82,7119.06,7127.07,24069
2026-04-29T17:00:00+00:00,7127.07,7137.57,7122.05,7136.05,17602
2026-04-29T18:00:00+00:00,7136.05,7136.650000000001,7113.889999999999,7135.63,43620.56279441828
2026-04-29T19:00:00+00:00,7135.63,7147.37,7129.62,7147.139999999999,28549
2026-04-29T20:00:00+00:00,7147.139999999999,7167.44,7108.07,7118.179999999999,47526
2026-04-29T22:00:00+00:00,7118.179999999999,7173.549999999999,7118.179999999999,7161.53,13138
2026-04-29T23:00:00+00:00,7161.53,7170.549999999999,7157.29,7169.79,4416
2026-04-30T00:00:00+00:00,7169.79,7178.049999999999,7168.049999999999,7176.29,8043
2026-04-30T01:00:00+00:00,7176.29,7177.799999999999,7171.03,7176.4,6114
2026-04-30T02:00:00+00:00,7176.4,7177.049999999999,7142.53,7154.4,15817
2026-04-30T03:00:00+00:00,7154.4,7158.79,7148.78,7149.04,7856
2026-04-30T04:00:00+00:00,7149.04,7149.299999999999,7121.79,7122.299999999999,13737
2026-04-30T05:00:00+00:00,7122.299999999999,7135.79,7120.28,7120.54,10413
2026-04-30T06:00:00+00:00,7120.54,7135.049999999999,7110.799999999999,7130.41,14900
2026-04-30T07:00:00+00:00,7130.41,7143.049999999999,7126.78,7138.03,15740
2026-04-30T08:00:00+00:00,7138.03,7148.049999999999,7136.53,7142.049999999999,14933
2026-04-30T09:00:00+00:00,7142.049999999999,7161.799999999999,7135.65,7148.29,16150
2026-04-30T10:00:00+00:00,7148.29,7164.15,7148.16,7157.32,18026
2026-04-30T11:00:00+00:00,7157.32,7177.54,7157.03,7171.549999999999,16132
2026-04-30T12:00:00+00:00,7171.549999999999,7188.54,7170.299999999999,7181.28,14024
2026-04-30T13:00:00+00:00,7181.28,7186.799999999999,7137.58,7142.58,57083
2026-04-30T14:00:00+00:00,7142.58,7172.09,7134.59,7169.33,70225
2026-04-30T15:00:00+00:00,7169.33,7181.33,7165.08,7176.59,35836
2026-04-30T16:00:00+00:00,7176.59,7184.599999999999,7169.84,7174.33,17789
2026-04-30T17:00:00+00:00,7174.33,7202.849999999999,7174.08,7201.83,18755
2026-04-30T18:00:00+00:00,7201.83,7219.099999999999,7201.33,7214.599999999999,15185
2026-04-30T19:00:00+00:00,7214.599999999999,7228.849999999999,7213.58,7215.58,19687
2026-04-30T20:00:00+00:00,7215.58,7230.049999999999,7215.29,7223.75,12315
2026-04-30T22:00:00+00:00,7223.75,7240.799999999999,7223.75,7227.299999999999,6150
2026-04-30T23:00:00+00:00,7227.299999999999,7234.5599999999995,7226.54,7230.0599999999995,3406
2026-05-01T00:00:00+00:00,7230.0599999999995,7238.3099999999995,7228.04,7235.29,5814
2026-05-01T01:00:00+00:00,7235.29,7241.54,7233.04,7240.29,2719.0861936278284
2026-05-01T02:00:00+00:00,7240.29,7240.5599999999995,7235.79,7238.3099999999995,1376.021505376344
2026-05-01T03:00:00+00:00,7238.3099999999995,7243.3099999999995,7236.79,7237.5599999999995,1643.0085017948234
2026-05-01T04:00:00+00:00,7237.5599999999995,7238.049999999999,7234.299999999999,7235.41,1441
2026-05-01T05:00:00+00:00,7235.41,7237.8099999999995,7233.79,7234.5599999999995,1578
2026-05-01T06:00:00+00:00,7234.5599999999995,7235.79,7228.54,7229.5599999999995,2568
2026-05-01T07:00:00+00:00,7229.5599999999995,7234.5599999999995,7226.049999999999,7227.049999999999,3508
2026-05-01T08:00:00+00:00,7227.049999999999,7230.3099999999995,7225.049999999999,7227.8099999999995,2851
2026-05-01T09:00:00+00:00,7227.8099999999995,7231.679999999999,7223.8099999999995,7230.67,2332
2026-05-01T10:00:00+00:00,7230.67,7232.04,7226.17,7231.42,2567
2026-05-01T11:00:00+00:00,7231.42,7234.049999999999,7226.54,7233.54,3438
2026-05-01T12:00:00+00:00,7233.54,7249.049999999999,7231.79,7235.79,10090
2026-05-01T13:00:00+00:00,7235.79,7270.59,7235.29,7270.46,35494
2026-05-01T14:00:00+00:00,7270.46,7278.23,7252.09,7256.11,43316
2026-05-01T15:00:00+00:00,7256.11,7273.36,7249.34,7262.849999999999,31553
2026-05-01T16:00:00+00:00,7262.849999999999,7265.219999999999,7243.59,7247.59,26486
2026-05-01T17:00:00+00:00,7247.59,7260.8,7247.34,7256.54,11306.958063636983
2026-05-01T18:00:00+00:00,7256.54,7257.8,7236.280000000001,7239.8,15843
2026-05-01T19:00:00+00:00,7239.8,7254.29,7232.780000000001,7234.8,15103
2026-05-01T20:00:00+00:00,7234.8,7235.25,7223.47,7224.48,3505
2026-05-03T22:00:00+00:00,7224.48,7258.29,7224.48,7245.19,7174
2026-05-03T23:00:00+00:00,7245.19,7247.31,7238.68,7241.18,3565
2026-05-04T00:00:00+00:00,7241.18,7246.54,7233.67,7245.69,9046
2026-05-04T01:00:00+00:00,7245.69,7246.81,7238.67,7246.44,6084
2026-05-04T02:00:00+00:00,7246.44,7248.05,7239.17,7245.19,4949
2026-05-04T03:00:00+00:00,7245.19,7248.44,7242.92,7246.3,3124
2026-05-04T04:00:00+00:00,7246.3,7249.79,7245.06,7247.17,2148
2026-05-04T05:00:00+00:00,7247.17,7253.69,7246.55,7249.19,3070
2026-05-04T06:00:00+00:00,7249.19,7250.68,7238.92,7242.19,7037
2026-05-04T07:00:00+00:00,7242.19,7252.94,7238.67,7244.42,7667
2026-05-04T08:00:00+00:00,7244.42,7244.79,7234.44,7241.68,9327
2026-05-04T09:00:00+00:00,7241.68,7247.17,7239.92,7243.17,4488
2026-05-04T10:00:00+00:00,7243.17,7244.68,7193.17,7226.31,49199
2026-05-04T11:00:00+00:00,7226.31,7233.44,7216.17,7224.55,17149
2026-05-04T12:00:00+00:00,7224.55,7235.19,7224.43,7228.56,11646
2026-05-04T13:00:00+00:00,7228.56,7236.99,7217.43,7236.85,46016
2026-05-04T14:00:00+00:00,7236.85,7250.24,7227.44,7238.22,31565
2026-05-04T15:00:00+00:00,7238.22,7243.49,7198.35,7204.47,68938
2026-05-04T16:00:00+00:00,7204.47,7207.49,7178.72,7194.23,53936
2026-05-04T17:00:00+00:00,7194.23,7215.49,7193.72,7212.22,25546
2026-05-04T18:00:00+00:00,7212.22,7218.99,7196.72,7203.24,16301
2026-05-04T19:00:00+00:00,7203.24,7210.99,7199.73,7210.48,17818
2026-05-04T20:00:00+00:00,7210.48,7210.68,7201.94,7204.91,3411
2026-05-04T22:00:00+00:00,7204.91,7214.85,7204.91,7207.62,2706
2026-05-04T23:00:00+00:00,7207.62,7209.36,7204.62,7207.12,1862
2026-05-05T00:00:00+00:00,7207.12,7215.48,7203.61,7211.62,6275
2026-05-05T01:00:00+00:00,7211.62,7218.85,7207.35,7215.6,5802
2026-05-05T02:00:00+00:00,7215.6,7221.1,7213.85,7216.35,3277
2026-05-05T03:00:00+00:00,7216.35,7221.87,7215.62,7220.61,1458
2026-05-05T04:00:00+00:00,7220.61,7223.61,7218.72,7219.86,1958
2026-05-05T05:00:00+00:00,7219.86,7224.12,7218.35,7223.85,3030
2026-05-05T06:00:00+00:00,7223.85,7228.12,7215.85,7227.6,7090
2026-05-05T07:00:00+00:00,7227.6,7236.74,7225.61,7227.37,10567
2026-05-05T08:00:00+00:00,7227.37,7237.11,7227.1,7234.6,7276
2026-05-05T09:00:00+00:00,7234.6,7237.87,7229.86,7235.36,5967
2026-05-05T10:00:00+00:00,7235.36,7241.62,7232.85,7235.35,4588
2026-05-05T11:00:00+00:00,7235.35,7239.37,7228.61,7238.37,7686
2026-05-05T12:00:00+00:00,7238.37,7249.12,7236.35,7241.61,9598
2026-05-05T13:00:00+00:00,7241.61,7257.17,7241.35,7254.77,24764
2026-05-05T14:00:00+00:00,7254.77,7266.17,7246.9,7260.65,36279
2026-05-05T15:00:00+00:00,7260.65,7265.92,7258.65,7259.65,14365
2026-05-05T16:00:00+00:00,7259.65,7267.92,7259.14,7264.17,9296
2026-05-05T17:00:00+00:00,7264.17,7271.42,7260.4,7269.4,6918
2026-05-05T18:00:00+00:00,7269.4,7276.17,7269.15,7272.66,6015
2026-05-05T19:00:00+00:00,7272.66,7279.9,7262.65,7266.9,10841
2026-05-05T20:00:00+00:00,7266.9,7284.12,7264.62,7275.46,8331
2026-05-05T22:00:00+00:00,7275.46,7300.34,7274.07,7297.34,10971
2026-05-05T23:00:00+00:00,7297.34,7299.59,7292.82,7294.84,7712
2026-05-06T00:00:00+00:00,7294.84,7296.34,7279.82,7283.84,11354
2026-05-06T01:00:00+00:00,7283.84,7290.57,7283.07,7288.33,6167
2026-05-06T02:00:00+00:00,7288.33,7288.59,7282.82,7284.83,4042
2026-05-06T03:00:00+00:00,7284.83,7291.59,7283.82,7288.33,2610
2026-05-06T04:00:00+00:00,7288.33,7290.84,7287.07,7289.07,3192
2026-05-06T05:00:00+00:00,7289.07,7293.09,7287.32,7291.83,2951
2026-05-06T06:00:00+00:00,7291.83,7295.33,7284.32,7290.07,5077
2026-05-06T07:00:00+00:00,7290.07,7292.08,7287.07,7291.33,7634
2026-05-06T08:00:00+00:00,7291.33,7323.59,7286.07,7315.71,20867
2026-05-06T09:00:00+00:00,7315.71,7323.59,7303.34,7322.33,19042
2026-05-06T10:00:00+00:00,7322.33,7344.09,7320.83,7338.34,18315
2026-05-06T11:00:00+00:00,7338.34,7346.08,7325.58,7328.44,20690
2026-05-06T12:00:00+00:00,7328.44,7329.34,7307.59,7318.82,21854
2026-05-06T13:00:00+00:00,7318.82,7327.87,7307.87,7326.39,43776
2026-05-06T14:00:00+00:00,7326.39,7352.24,7316.87,7351.89,42491
2026-05-06T15:00:00+00:00,7351.89,7355.37,7339.37,7346.13,18604
2026-05-06T16:00:00+00:00,7346.13,7350.14,7335.12,7339.64,12690
2026-05-06T17:00:00+00:00,7339.64,7351.39,7336.09,7351.39,8784
2026-05-06T18:00:00+00:00,7351.39,7364.89,7350.37,7359.63,8765
2026-05-06T19:00:00+00:00,7359.63,7376.39,7359.37,7367.38,13484
2026-05-06T20:00:00+00:00,7367.38,7376.08,7365.07,7367.29,6027
2026-05-06T22:00:00+00:00,7367.29,7367.29,7357.84,7359.6,4212
2026-05-06T23:00:00+00:00,7359.6,7363.0199999999995,7358.259999999999,7360.529999999999,3071.9022215726395
2026-05-07T00:00:00+00:00,7360.529999999999,7366.279999999999,7359.259999999999,7365.509999999999,8429
2026-05-07T01:00:00+00:00,7365.509999999999,7373.759999999999,7361.759999999999,7370.7699999999995,4499
2026-05-07T02:00:00+00:00,7370.7699999999995,7372.0199999999995,7363.759999999999,7369.0199999999995,3950
2026-05-07T03:00:00+00:00,7369.0199999999995,7372.529999999999,7367.509999999999,7371.2699999999995,1860
2026-05-07T04:00:00+00:00,7371.2699999999995,7374.779999999999,7370.2699999999995,7374.0199999999995,1404
2026-05-07T05:00:00+00:00,7374.0199999999995,7376.279999999999,7372.509999999999,7374.509999999999,1562
2026-05-07T06:00:00+00:00,7374.509999999999,7383.529999999999,7371.0199999999995,7380.009999999999,4098
2026-05-07T07:00:00+00:00,7380.009999999999,7391.279999999999,7376.279999999999,7382.639999999999,12306
2026-05-07T08:00:00+00:00,7382.639999999999,7389.029999999999,7374.529999999999,7376.009999999999,10425
2026-05-07T09:00:00+00:00,7376.009999999999,7380.029999999999,7372.759999999999,7374.649999999999,6353
2026-05-07T10:00:00+00:00,7374.649999999999,7379.259999999999,7370.5199999999995,7376.009999999999,5436
2026-05-07T11:00:00+00:00,7376.009999999999,7379.779999999999,7373.5199999999995,7377.279999999999,6286
2026-05-07T12:00:00+00:00,7377.279999999999,7383.279999999999,7376.009999999999,7382.5199999999995,4957
2026-05-07T13:00:00+00:00,7382.5199999999995,7382.759999999999,7364.8099999999995,7368.3099999999995,20362
2026-05-07T14:00:00+00:00,7368.3099999999995,7390.079999999999,7368.069999999999,7390.069999999999,20985
2026-05-07T15:00:00+00:00,7390.069999999999,7390.569999999999,7366.819999999999,7368.569999999999,25184
2026-05-07T16:00:00+00:00,7368.569999999999,7369.069999999999,7344.929999999999,7349.069999999999,37795
2026-05-07T17:00:00+00:00,7349.069999999999,7355.44,7326.5599999999995,7345.799999999999,46489
2026-05-07T18:00:00+00:00,7345.799999999999,7350.929999999999,7326.5599999999995,7340.329999999999,34459
2026-05-07T19:00:00+00:00,7340.329999999999,7348.079999999999,7329.44,7345.329999999999,30494
2026-05-07T20:00:00+00:00,7345.329999999999,7359.0199999999995,7332.0199999999995,7333.499999999999,15186
2026-05-07T22:00:00+00:00,7333.499999999999,7339.319999999999,7318.179999999999,7329.8099999999995,10516
2026-05-07T23:00:00+00:00,7329.8099999999995,7343.3099999999995,7328.799999999999,7343.3099999999995,3531
2026-05-08T00:00:00+00:00,7343.3099999999995,7353.299999999999,7343.3099999999995,7353.0599999999995,8355
2026-05-08T01:00:00+00:00,7353.0599999999995,7359.8099999999995,7353.0599999999995,7356.679999999999,5296
2026-05-08T02:00:00+00:00,7356.679999999999,7359.819999999999,7347.5599999999995,7355.19,7207
2026-05-08T03:00:00+00:00,7355.19,7360.069999999999,7354.069999999999,7358.549999999999,3992
2026-05-08T04:00:00+00:00,7358.549999999999,7362.679999999999,7355.5599999999995,7359.569999999999,3541
2026-05-08T05:00:00+00:00,7359.569999999999,7365.799999999999,7359.049999999999,7363.069999999999,3995
2026-05-08T06:00:00+00:00,7363.069999999999,7369.19,7359.549999999999,7368.569999999999,6142
2026-05-08T07:00:00+00:00,7368.569999999999,7369.0599999999995,7361.329999999999,7367.69,9926
2026-05-08T08:00:00+00:00,7367.69,7374.8099999999995,7366.549999999999,7374.19,6703
2026-05-08T09:00:00+00:00,7374.19,7382.319999999999,7370.919999999999,7375.049999999999,4612
2026-05-08T10:00:00+00:00,7375.049999999999,7380.069999999999,7371.319999999999,7376.5599999999995,4931
2026-05-08T11:00:00+00:00,7376.5599999999995,7382.19,7376.5599999999995,7380.319999999999,4871
2026-05-08T12:00:00+00:00,7380.319999999999,7392.819999999999,7375.049999999999,7378.549999999999,13073
2026-05-08T13:00:00+00:00,7378.549999999999,7394.23,7369.299999999999,7394.23,29334
2026-05-08T14:00:00+00:00,7394.23,7403.119999999999,7388.619999999999,7398.369999999999,26498
2026-05-08T15:00:00+00:00,7398.369999999999,7401.119999999999,7387.849999999999,7396.349999999999,20937
2026-05-08T16:00:00+00:00,7396.349999999999,7404.619999999999,7395.599999999999,7396.369999999999,12040
2026-05-08T17:00:00+00:00,7396.369999999999,7406.369999999999,7395.329999999999,7399.119999999999,10361
2026-05-08T18:00:00+00:00,7399.119999999999,7408.369999999999,7388.119999999999,7391.109999999999,12531
2026-05-08T19:00:00+00:00,7391.109999999999,7402.369999999999,7390.599999999999,7401.619999999999,11861
2026-05-08T20:00:00+00:00,7401.619999999999,7405.179999999999,7397.63,7401.65,2476
2026-05-10T22:00:00+00:00,7401.65,7401.65,7372.37,7386.26,8254
2026-05-10T23:00:00+00:00,7386.26,7391,7383.24,7384.51,5248
2026-05-11T00:00:00+00:00,7384.51,7394.51,7378.88,7384.24,13206
2026-05-11T01:00:00+00:00,7384.24,7393.26,7379.76,7392.99,12890
2026-05-11T02:00:00+00:00,7392.99,7396.25,7391.24,7393,4901
2026-05-11T03:00:00+00:00,7393,7397.15,7389.139999999999,7392.9,4435.96396822892
2026-05-11T04:00:00+00:00,7392.9,7394.9,7388.629999999999,7394.629999999999,2346
2026-05-11T05:00:00+00:00,7394.629999999999,7396.65,7391.889999999999,7392.4,3350
2026-05-11T06:00:00+00:00,7392.4,7397.879999999999,7391.379999999999,7394.639999999999,4413
2026-05-11T07:00:00+00:00,7394.639999999999,7396.65,7391.879999999999,7395.9,6589
2026-05-11T08:00:00+00:00,7395.9,7399.5199999999995,7391.879999999999,7395.629999999999,7815
2026-05-11T09:00:00+00:00,7395.629999999999,7402.15,7394.629999999999,7396.629999999999,4881
2026-05-11T10:00:00+00:00,7396.629999999999,7398.65,7392.879999999999,7394.129999999999,4294
2026-05-11T11:00:00+00:00,7394.129999999999,7401.9,7392.379999999999,7395.639999999999,6126
2026-05-11T12:00:00+00:00,7395.639999999999,7397.65,7384.419999999999,7390.639999999999,9318
2026-05-11T13:00:00+00:00,7390.639999999999,7418.95,7388.379999999999,7414.45,22508
2026-05-11T14:00:00+00:00,7414.45,7427.69,7403.429999999999,7424.69,23796
2026-05-11T15:00:00+00:00,7424.69,7431.45,7417.679999999999,7430.179999999999,12049
2026-05-11T16:00:00+00:00,7430.179999999999,7432.2,7416.179999999999,7421.2,11422
2026-05-11T17:00:00+00:00,7421.2,7436.429999999999,7416.429999999999,7429.929999999999,9598
2026-05-11T18:00:00+00:00,7429.929999999999,7434.45,7412.94,7413.2,8465
2026-05-11T19:00:00+00:00,7413.2,7420.69,7409.429999999999,7420.44,15312
2026-05-11T20:00:00+00:00,7420.44,7421.9,7408.129999999999,7416.73,5745
2026-05-11T22:00:00+00:00,7416.73,7425.86,7416.61,7423.349999999999,1951.1558968414952
2026-05-11T23:00:00+00:00,7423.349999999999,7423.86,7418.589999999999,7420.839999999999,1894.3773468124614
2026-05-12T00:00:00+00:00,7420.839999999999,7421.089999999999,7410.849999999999,7412.099999999999,8179
2026-05-12T01:00:00+00:00,7412.099999999999,7414.219999999999,7393.339999999999,7401.23,14738
2026-05-12T02:00:00+00:00,7401.23,7412.86,7399.839999999999,7411.589999999999,9574
2026-05-12T03:00:00+00:00,7411.589999999999,7412.61,7406.48,7407.589999999999,4081
2026-05-12T04:00:00+00:00,7407.589999999999,7409.86,7402.86,7403.089999999999,3732
2026-05-12T05:00:00+00:00,7403.089999999999,7406.469999999999,7400.599999999999,7403.849999999999,6122
2026-05-12T06:00:00+00:00,7403.849999999999,7404.86,7390.349999999999,7391.089999999999,6704
2026-05-12T07:00:00+00:00,7391.089999999999,7399.61,7384.589999999999,7398.209999999999,9233
2026-05-12T08:00:00+00:00,7398.209999999999,7398.86,7387.839999999999,7391.86,10051
2026-05-12T09:00:00+00:00,7391.86,7398.61,7385.36,7393.86,9237
2026-05-12T10:00:00+00:00,7393.86,7398.36,7389.099999999999,7394.099999999999,5687
2026-05-12T11:00:00+00:00,7394.099999999999,7395.86,7384.339999999999,7390.11,9529
2026-05-12T12:00:00+00:00,7390.11,7402.86,7381.089999999999,7401.599999999999,14576
2026-05-12T13:00:00+00:00,7401.599999999999,7403.11,7375.869999999999,7378.41,35538
2026-05-12T14:00:00+00:00,7378.41,7390.91,7362.36,7365.16,51349
2026-05-12T15:00:00+00:00,7365.16,7367.91,7345.639999999999,7352.28,36501
2026-05-12T16:00:00+00:00,7352.28,7362.16,7345.889999999999,7348.639999999999,26473
2026-05-12T17:00:00+00:00,7348.639999999999,7379.66,7347.509999999999,7378.139999999999,21677
2026-05-12T18:00:00+00:00,7378.139999999999,7392.66,7374.139999999999,7387.41,16640
2026-05-12T19:00:00+00:00,7387.41,7416.16,7386.889999999999,7410.15,17496
2026-05-12T20:00:00+00:00,7410.15,7410.599999999999,7397.849999999999,7402.8099999999995,4148.014904728918
2026-05-12T22:00:00+00:00,7402.8099999999995,7410.119999999999,7401.969999999999,7404.49,3019
2026-05-12T23:00:00+00:00,7404.49,7406.119999999999,7394.469999999999,7394.619999999999,4246
2026-05-13T00:00:00+00:00,7394.619999999999,7405.869999999999,7392.849999999999,7403.099999999999,16455
2026-05-13T01:00:00+00:00,7403.099999999999,7419.11,7402.619999999999,7411.619999999999,8658
2026-05-13T02:00:00+00:00,7411.619999999999,7414.869999999999,7408.099999999999,7411.869999999999,4571
2026-05-13T03:00:00+00:00,7411.869999999999,7418.619999999999,7408.349999999999,7416.869999999999,4328
2026-05-13T04:00:00+00:00,7416.869999999999,7421.119999999999,7415.849999999999,7420.099999999999,2450
2026-05-13T05:00:00+00:00,7420.099999999999,7424.219999999999,7418.349999999999,7422.119999999999,3487
2026-05-13T06:00:00+00:00,7422.119999999999,7426.369999999999,7417.099999999999,7420.11,4436
2026-05-13T07:00:00+00:00,7420.11,7429.11,7416.869999999999,7427.73,6959
2026-05-13T08:00:00+00:00,7427.73,7436.74,7426.719999999999,7430.119999999999,6918
2026-05-13T09:00:00+00:00,7430.119999999999,7430.369999999999,7422.11,7429.849999999999,6846
2026-05-13T10:00:00+00:00,7429.849999999999,7431.849999999999,7421.86,7425.369999999999,6790
2026-05-13T11:00:00+00:00,7425.369999999999,7427.869999999999,7421.099999999999,7424.119999999999,6816
2026-05-13T12:00:00+00:00,7424.119999999999,7429.099999999999,7399.11,7403.849999999999,18640
2026-05-13T13:00:00+00:00,7403.849999999999,7417.619999999999,7381.9,7396.15,37108
2026-05-13T14:00:00+00:00,7396.15,7417.169999999999,7394.91,7415.669999999999,35972
2026-05-13T15:00:00+00:00,7415.669999999999,7429.91,7414.15,7424.66,15351
2026-05-13T16:00:00+00:00,7424.66,7450.669999999999,7422.65,7448.15,17090
2026-05-13T17:00:00+00:00,7448.15,7456.669999999999,7448.15,7448.91,10404
2026-05-13T18:00:00+00:00,7448.91,7466.669999999999,7448.66,7454.169999999999,13459
2026-05-13T19:00:00+00:00,7454.169999999999,7464.919999999999,7450.419999999999,7451.16,13739
2026-05-13T20:00:00+00:00,7451.16,7460.599999999999,7449.369999999999,7458.61,3838.6850223244487
2026-05-13T22:00:00+00:00,7458.61,7464.839999999999,7455.839999999999,7462.079999999999,3531
2026-05-13T23:00:00+00:00,7462.079999999999,7467.089999999999,7460.079999999999,7463.7,3510
2026-05-14T00:00:00+00:00,7463.7,7472.089999999999,7458.589999999999,7470.95,10111
2026-05-14T01:00:00+00:00,7470.95,7471.089999999999,7461.079999999999,7461.839999999999,6381
2026-05-14T02:00:00+00:00,7461.839999999999,7467.089999999999,7459.57,7461.829999999999,5468
2026-05-14T03:00:00+00:00,7461.829999999999,7466.399999999999,7455.379999999999,7456.879999999999,5409.451209042782
2026-05-14T04:00:00+00:00,7456.879999999999,7465.149999999999,7454.629999999999,7460.899999999999,4911
2026-05-14T05:00:00+00:00,7460.899999999999,7470.129999999999,7456.6399999999985,7466.629999999999,10988
2026-05-14T06:00:00+00:00,7466.629999999999,7472.899999999999,7466.629999999999,7468.629999999999,8225
2026-05-14T07:00:00+00:00,7468.629999999999,7472.399999999999,7461.6399999999985,7462.879999999999,8625
2026-05-14T08:00:00+00:00,7462.879999999999,7475.149999999999,7461.629999999999,7471.3899999999985,11334
2026-05-14T09:00:00+00:00,7471.3899999999985,7473.649999999999,7458.629999999999,7468.6399999999985,10270
2026-05-14T10:00:00+00:00,7468.6399999999985,7479.649999999999,7466.879999999999,7471.899999999999,11733
2026-05-14T11:00:00+00:00,7471.899999999999,7478.399999999999,7468.6399999999985,7474.399999999999,7811
2026-05-14T12:00:00+00:00,7474.399999999999,7482.6399999999985,7469.749999999999,7473.149999999999,8319
2026-05-14T13:00:00+00:00,7473.149999999999,7486.949999999999,7463.4299999999985,7471.9299999999985,33504
2026-05-14T14:00:00+00:00,7471.9299999999985,7503.699999999999,7470.1799999999985,7499.939999999999,39162
2026-05-14T15:00:00+00:00,7499.939999999999,7520.949999999999,7499.1799999999985,7520.689999999999,19810
2026-05-14T16:00:00+00:00,7520.689999999999,7523.449999999999,7499.4299999999985,7506.199999999999,28336
2026-05-14T17:00:00+00:00,7506.199999999999,7510.949999999999,7490.6799999999985,7505.1799999999985,35858
2026-05-14T18:00:00+00:00,7505.1799999999985,7511.449999999999,7494.449999999999,7510.939999999999,26330
2026-05-14T19:00:00+00:00,7510.939999999999,7514.699999999999,7506.1799999999985,7509.4299999999985,19641
2026-05-14T20:00:00+00:00,7509.4299999999985,7513.399999999999,7501.879999999999,7506.729999999999,6687
2026-05-14T22:00:00+00:00,7506.729999999999,7509.869999999999,7503.619999999999,7507.109999999999,3249
2026-05-14T23:00:00+00:00,7507.109999999999,7511.129999999999,7502.359999999999,7503.979999999999,3099
2026-05-15T00:00:00+00:00,7503.979999999999,7509.629999999999,7495.859999999999,7501.869999999999,11334
2026-05-15T01:00:00+00:00,7501.869999999999,7503.129999999999,7477.369999999999,7478.119999999999,17857
2026-05-15T02:00:00+00:00,7478.119999999999,7494.869999999999,7476.859999999999,7491.109999999999,15438
2026-05-15T03:00:00+00:00,7491.109999999999,7492.629999999999,7484.109999999999,7488.379999999999,8842
2026-05-15T04:00:00+00:00,7488.379999999999,7488.379999999999,7475.359999999999,7476.629999999999,8833
2026-05-15T05:00:00+00:00,7476.629999999999,7476.879999999999,7448.859999999999,7449.119999999999,17787
2026-05-15T06:00:00+00:00,7449.119999999999,7467.379999999999,7445.869999999999,7463.739999999999,22809
2026-05-15T07:00:00+00:00,7463.739999999999,7470.379999999999,7455.109999999999,7457.619999999999,14422
2026-05-15T08:00:00+00:00,7457.619999999999,7458.879999999999,7418.729999999999,7432.869999999999,26036
2026-05-15T09:00:00+00:00,7432.869999999999,7437.729999999999,7419.369999999999,7428.359999999999,22030
2026-05-15T10:00:00+00:00,7428.359999999999,7454.379999999999,7424.359999999999,7447.369999999999,26466
2026-05-15T11:00:00+00:00,7447.369999999999,7451.619999999999,7429.129999999999,7429.499999999999,15956
2026-05-15T12:00:00+00:00,7429.499999999999,7429.869999999999,7412.609999999999,7420.879999999999,21244
2026-05-15T13:00:00+00:00,7420.879999999999,7444.1799999999985,7403.409999999999,7415.419999999999,63501
2026-05-15T14:00:00+00:00,7415.419999999999,7450.6799999999985,7413.279999999999,7433.659999999999,82363
2026-05-15T15:00:00+00:00,7433.659999999999,7443.549999999999,7414.659999999999,7426.6799999999985,54283
2026-05-15T16:00:00+00:00,7426.6799999999985,7440.9299999999985,7420.409999999999,7433.4299999999985,32058
2026-05-15T17:00:00+00:00,7433.4299999999985,7454.159999999999,7430.409999999999,7453.9,20621.599388241644
2026-05-15T18:00:00+00:00,7453.9,7458.9,7428.389999999999,7440.409999999999,27392
2026-05-15T19:00:00+00:00,7440.409999999999,7441.659999999999,7410.389999999999,7415.909999999999,30404
2026-05-15T20:00:00+00:00,7415.909999999999,7416.11,7392.589999999999,7400.02,11234
2026-05-17T22:00:00+00:00,7400.02,7419.86,7393.61,7414.35,14465
2026-05-17T23:00:00+00:00,7414.35,7415.61,7382.84,7396.34,22553
2026-05-18T00:00:00+00:00,7396.34,7400.1,7366.6,7382.35,47703
2026-05-18T01:00:00+00:00,7382.35,7384.59,7360.09,7372.6,34250
2026-05-18T02:00:00+00:00,7372.6,7377.61,7363.85,7366.86,15332
2026-05-18T03:00:00+00:00,7366.86,7373.36,7362.98,7370.36,13961
2026-05-18T04:00:00+00:00,7370.36,7378.36,7364.34,7369.6,11718
2026-05-18T05:00:00+00:00,7369.6,7377.48,7364.59,7369.86,15396
2026-05-18T06:00:00+00:00,7369.86,7380.11,7361.09,7380.11,16920
2026-05-18T07:00:00+00:00,7380.11,7392.84,7369.84,7381.47,20400
2026-05-18T08:00:00+00:00,7381.47,7401.72,7381.47,7401.35,13332
2026-05-18T09:00:00+00:00,7401.35,7402.59,7390.46,7395.61,8948
2026-05-18T10:00:00+00:00,7395.61,7396.59,7379.1,7384.09,10378
2026-05-18T11:00:00+00:00,7384.09,7417.72,7372.11,7399.11,25710
2026-05-18T12:00:00+00:00,7399.11,7438.11,7398.11,7434.85,28173
2026-05-18T13:00:00+00:00,7434.85,7439.15,7400.39,7430.9,61150
2026-05-18T14:00:00+00:00,7430.9,7432.91,7389.64,7408.16,89704
2026-05-18T15:00:00+00:00,7408.16,7415.26,7376.65,7387.9,67977
2026-05-18T16:00:00+00:00,7387.9,7404.03,7367.03,7389.9,51362
2026-05-18T17:00:00+00:00,7389.9,7399.03,7384.4,7395.15,34896
2026-05-18T18:00:00+00:00,7395.15,7396.16,7359.02,7361.66,40090
2026-05-18T19:00:00+00:00,7361.66,7412.77,7360.9,7411.66,60071
2026-05-18T20:00:00+00:00,7411.66,7412.85,7402.09,7405.46,5665
2026-05-18T22:00:00+00:00,7405.46,7423.42,7405.46,7419.54,6807
2026-05-18T23:00:00+00:00,7419.54,7424.02,7411.9,7414.41,5877
2026-05-19T00:00:00+00:00,7414.41,7425.9,7408.41,7409.4,25476
2026-05-19T01:00:00+00:00,7409.4,7411.91,7396.65,7402.03,23493
2026-05-19T02:00:00+00:00,7402.03,7402.03,7388.16,7396.02,18610
2026-05-19T03:00:00+00:00,7396.02,7407.66,7391.4,7397.879999999999,12187
2026-05-19T04:00:00+00:00,7397.879999999999,7398.129999999999,7382.4,7390.17,16695
2026-05-19T05:00:00+00:00,7390.17,7392.42,7376.91,7387.18,20012
2026-05-19T06:00:00+00:00,7387.18,7401.92,7381.66,7398.93,18083
2026-05-19T07:00:00+00:00,7398.93,7418.43,7396.16,7414.91,16597
2026-05-19T08:00:00+00:00,7414.91,7416.68,7391.780000000001,7398.140000000001,17060
2026-05-19T09:00:00+00:00,7398.140000000001,7398.290000000001,7369.02,7383.290000000001,19465
2026-05-19T10:00:00+00:00,7383.290000000001,7386.52,7369.280000000001,7384.900000000001,20473
2026-05-19T11:00:00+00:00,7384.900000000001,7390.290000000001,7373.81,7374.030000000001,16355
2026-05-19T12:00:00+00:00,7374.030000000001,7389.920000000001,7370.77,7386.410000000001,16437
2026-05-19T13:00:00+00:00,7386.410000000001,7388.420000000001,7355.450000000001,7377.450000000001,80725
2026-05-19T14:00:00+00:00,7377.450000000001,7378.090000000001,7339.700000000001,7355.960000000001,93041
2026-05-19T15:00:00+00:00,7355.960000000001,7363.970000000001,7341.200000000001,7354.210000000001,51335
2026-05-19T16:00:00+00:00,7354.210000000001,7387.220000000001,7347.580000000001,7385.460000000001,37032
2026-05-19T17:00:00+00:00,7385.460000000001,7400.460000000001,7383.700000000001,7392.220000000001,30776
2026-05-19T18:00:00+00:00,7392.220000000001,7396.970000000001,7366.450000000001,7368.220000000001,31025
2026-05-19T19:00:00+00:00,7368.220000000001,7385.720000000001,7350.470000000001,7362.950000000001,39895
2026-05-19T20:00:00+00:00,7362.950000000001,7363.170000000001,7354.900000000001,7358.010000000001,6832
2026-05-19T22:00:00+00:00,7358.010000000001,7366.270000000001,7354.020000000001,7361.280000000001,6977
2026-05-19T23:00:00+00:00,7361.280000000001,7379.890000000001,7360.130000000001,7368.010000000001,6038
2026-05-20T00:00:00+00:00,7368.010000000001,7368.010000000001,7342.650000000001,7361.400000000001,36973
2026-05-20T01:00:00+00:00,7361.400000000001,7372.030000000001,7346.010000000001,7367.770000000001,33125
2026-05-20T02:00:00+00:00,7367.770000000001,7373.010000000001,7347.280000000001,7351.030000000001,23869
2026-05-20T03:00:00+00:00,7351.030000000001,7355.010000000001,7342.260000000001,7351.650000000001,14248
2026-05-20T04:00:00+00:00,7351.650000000001,7360.780000000001,7348.510000000001,7350.260000000001,9889
2026-05-20T05:00:00+00:00,7350.260000000001,7367.140000000001,7350.260000000001,7362.530000000001,14636
2026-05-20T06:00:00+00:00,7362.530000000001,7375.530000000001,7361.770000000001,7375.530000000001,13623
2026-05-20T07:00:00+00:00,7375.530000000001,7378.780000000001,7370.640000000001,7371.270000000001,10558
2026-05-20T08:00:00+00:00,7371.270000000001,7389.780000000001,7370.780000000001,7384.020000000001,14396
2026-05-20T09:00:00+00:00,7384.020000000001,7392.030000000001,7378.270000000001,7388.020000000001,7964
2026-05-20T10:00:00+00:00,7388.020000000001,7398.010000000001,7385.510000000001,7386.780000000001,8050
2026-05-20T11:00:00+00:00,7386.780000000001,7393.780000000001,7381.760000000001,7385.140000000001,9872
2026-05-20T12:00:00+00:00,7385.140000000001,7402.530000000001,7383.640000000001,7388.770000000001,12691
2026-05-20T13:00:00+00:00,7388.770000000001,7396.830000000001,7366.820000000001,7385.820000000001,69421
2026-05-20T14:00:00+00:00,7385.820000000001,7419.830000000001,7363.060000000001,7416.820000000001,115196
2026-05-20T15:00:00+00:00,7416.820000000001,7444.180000000001,7410.560000000001,7427.560000000001,65594
2026-05-20T16:00:00+00:00,7427.560000000001,7430.450000000001,7410.060000000001,7418.820000000001,46785
2026-05-20T17:00:00+00:00,7418.820000000001,7432.330000000001,7412.560000000001,7423.560000000001,34562
2026-05-20T18:00:00+00:00,7423.560000000001,7433.560000000001,7418.180000000001,7426.560000000001,25701
2026-05-20T19:00:00+00:00,7426.560000000001,7441.080000000001,7425.060000000001,7437.810000000001,24892
2026-05-20T20:00:00+00:00,7437.810000000001,7439.770000000001,7415.520000000001,7419.750000000001,28414
2026-05-20T22:00:00+00:00,7419.750000000001,7419.750000000001,7393.2300000000005,7404.750000000001,13985
2026-05-20T23:00:00+00:00,7404.750000000001,7411.500000000001,7401.370000000001,7406.620000000001,5938
2026-05-21T00:00:00+00:00,7406.620000000001,7410.380000000001,7400.370000000001,7408.380000000001,14101
2026-05-21T01:00:00+00:00,7408.380000000001,7423.360000000001,7408.370000000001,7420.620000000001,7865
2026-05-21T02:00:00+00:00,7420.620000000001,7430.370000000001,7420.620000000001,7424.380000000001,5154
2026-05-21T03:00:00+00:00,7424.380000000001,7433.630000000001,7423.870000000001,7429.620000000001,3664
2026-05-21T04:00:00+00:00,7429.620000000001,7439.880000000001,7429.120000000001,7438.750000000001,3418
2026-05-21T05:00:00+00:00,7438.750000000001,7443.130000000001,7419.610000000001,7431.610000000001,9823
2026-05-21T06:00:00+00:00,7431.610000000001,7437.130000000001,7418.610000000001,7423.630000000001,13119
2026-05-21T07:00:00+00:00,7423.630000000001,7427.370000000001,7412.110000000001,7425.990000000001,12239
2026-05-21T08:00:00+00:00,7425.990000000001,7455.620000000001,7425.110000000001,7438.110000000001,18662
2026-05-21T09:00:00+00:00,7438.110000000001,7449.630000000001,7437.120000000001,7440.620000000001,9823
2026-05-21T10:00:00+00:00,7440.620000000001,7444.630000000001,7400.860000000001,7409.240000000001,28978
2026-05-21T11:00:00+00:00,7409.240000000001,7423.630000000001,7404.610000000001,7415.740000000001,14786
2026-05-21T12:00:00+00:00,7415.740000000001,7422.120000000001,7403.4800000000005,7405.130000000001,20842
2026-05-21T13:00:00+00:00,7405.130000000001,7425.050000000001,7396.410000000001,7421.170000000001,73052
2026-05-21T14:00:00+00:00,7421.170000000001,7429.430000000001,7397.430000000001,7412.420000000001,88060
2026-05-21T15:00:00+00:00,7412.420000000001,7421.290000000001,7394.400000000001,7415.920000000001,54198
2026-05-21T16:00:00+00:00,7415.920000000001,7422.930000000001,7403.660000000001,7411.910000000001,29717
2026-05-21T17:00:00+00:00,7411.910000000001,7472.430000000001,7411.910000000001,7460.430000000001,60233
2026-05-21T18:00:00+00:00,7460.430000000001,7464.670000000001,7423.910000000001,7433.430000000001,49901
2026-05-21T19:00:00+00:00,7433.430000000001,7455.410000000001,7432.910000000001,7450.930000000001,35886
2026-05-21T20:00:00+00:00,7450.930000000001,7455.880000000001,7449.110000000001,7453.210000000001,3714
2026-05-21T22:00:00+00:00,7453.210000000001,7465.420000000001,7453.170000000001,7464.420000000001,5685
2026-05-21T23:00:00+00:00,7464.420000000001,7470.160000000001,7462.670000000001,7466.030000000001,2508
2026-05-22T00:00:00+00:00,7466.030000000001,7475.170000000001,7462.900000000001,7470.910000000001,10086
2026-05-22T01:00:00+00:00,7470.910000000001,7471.670000000001,7460.660000000001,7467.160000000001,7645
2026-05-22T02:00:00+00:00,7467.160000000001,7471.660000000001,7464.910000000001,7469.920000000001,5316
2026-05-22T03:00:00+00:00,7469.920000000001,7475.400000000001,7466.420000000001,7475.170000000001,3628
2026-05-22T04:00:00+00:00,7475.170000000001,7480.400000000001,7475.170000000001,7479.780000000001,2601
2026-05-22T05:00:00+00:00,7479.780000000001,7481.170000000001,7470.900000000001,7471.900000000001,5559
2026-05-22T06:00:00+00:00,7471.900000000001,7481.170000000001,7469.650000000001,7475.400000000001,9621
2026-05-22T07:00:00+00:00,7475.400000000001,7476.420000000001,7468.150000000001,7475.160000000001,8865
2026-05-22T08:00:00+00:00,7475.160000000001,7487.160000000001,7470.400000000001,7471.900000000001,13229
2026-05-22T09:00:00+00:00,7471.900000000001,7472.170000000001,7459.650000000001,7469.920000000001,9011
2026-05-22T10:00:00+00:00,7469.920000000001,7470.170000000001,7455.910000000001,7461.170000000001,8139
2026-05-22T11:00:00+00:00,7461.170000000001,7472.670000000001,7459.040000000001,7467.420000000001,8630
2026-05-22T12:00:00+00:00,7467.420000000001,7489.920000000001,7464.650000000001,7489.280000000001,21439
2026-05-22T13:00:00+00:00,7489.280000000001,7502.720000000001,7477.700000000001,7496.340000000001,49512
2026-05-22T14:00:00+00:00,7496.340000000001,7496.710000000001,7465.220000000001,7486.070000000001,49468
2026-05-22T15:00:00+00:00,7486.070000000001,7501.970000000001,7485.450000000001,7497.220000000001,17384
2026-05-22T16:00:00+00:00,7497.220000000001,7498.720000000001,7489.450000000001,7493.720000000001,15979
2026-05-22T17:00:00+00:00,7493.720000000001,7510.470000000001,7488.200000000001,7494.500000000001,27578.194433115823
2026-05-22T18:00:00+00:00,7494.500000000001,7497.750000000001,7488.620000000001,7491.870000000001,17214
2026-05-22T19:00:00+00:00,7491.870000000001,7493.000000000001,7469.9800000000005,7476.990000000001,26781
2026-05-22T20:00:00+00:00,7476.990000000001,7481.200000000001,7471.65,7472.02,6362
2026-05-24T22:00:00+00:00,7472.02,7525.28,7472.02,7521.77,10701
2026-05-24T23:00:00+00:00,7521.77,7532.52,7521.77,7526.03,4355
2026-05-25T00:00:00+00:00,7526.03,7536.27,7523.76,7531.02,6952
2026-05-25T01:00:00+00:00,7531.02,7538.01,7529.51,7534.77,4241
2026-05-25T02:00:00+00:00,7534.77,7540.78,7534.02,7540.51,2092
2026-05-25T03:00:00+00:00,7540.51,7547.78,7540.51,7544.26,3627
2026-05-25T04:00:00+00:00,7544.26,7550.03,7544.26,7547.78,1434
2026-05-25T05:00:00+00:00,7547.78,7553.53,7547.78,7549.77,1567
2026-05-25T06:00:00+00:00,7549.77,7551.28,7545.53,7548.28,2692
2026-05-25T07:00:00+00:00,7548.28,7554.78,7536.76,7549.77,7564
2026-05-25T08:00:00+00:00,7549.77,7550.28,7541.51,7548.52,3677
2026-05-25T09:00:00+00:00,7548.52,7550.78,7546.51,7548.28,1757
2026-05-25T10:00:00+00:00,7548.28,7552.03,7546.76,7550.28,1616
2026-05-25T11:00:00+00:00,7550.28,7555.03,7548.01,7552.77,2061
2026-05-25T12:00:00+00:00,7552.77,7557.28,7546.76,7547.76,2907
2026-05-25T13:00:00+00:00,7547.76,7554.33,7546.26,7553.81,2810
2026-05-25T14:00:00+00:00,7553.81,7554.06,7542.82,7544.33,3362
2026-05-25T15:00:00+00:00,7544.33,7558.57,7543.06,7547.58,6881
2026-05-25T16:00:00+00:00,7547.58,7553.33,7544.07,7553.33,2204
2026-05-25T17:00:00+00:00,7553.33,7556.13,7543.469999999999,7544.07,394.65744429719894
2026-05-25T18:00:00+00:00,7542.97,7544.07,7540.87,7544.07,689.0394588027832
2026-05-25T19:00:00+00:00,7542.97,7546.270000000001,7539.47,7541.77,1235.7366609375574
2026-05-25T22:00:00+00:00,7553.33,7554.8,7536.8,7538.32,8449
2026-05-25T23:00:00+00:00,7538.32,7540.07,7531.56,7536.55,5047
2026-05-26T00:00:00+00:00,7536.55,7537.06,7524.82,7528.81,11660
2026-05-26T01:00:00+00:00,7528.81,7530.18,7520.55,7527.81,8730
2026-05-26T02:00:00+00:00,7527.81,7529.82,7523.82,7527.05,3571
2026-05-26T03:00:00+00:00,7527.05,7530.32,7525.31,7529.3,2243
2026-05-26T04:00:00+00:00,7529.3,7531.56,7526.3,7527.57,1858
2026-05-26T05:00:00+00:00,7527.57,7530.07,7524.3,7526.3,2741
2026-05-26T06:00:00+00:00,7526.3,7533.32,7525.05,7528.57,4341
2026-05-26T07:00:00+00:00,7528.57,7530.07,7514.55,7520.06,9458
2026-05-26T08:00:00+00:00,7520.06,7522.32,7517.06,7521.57,5425
2026-05-26T09:00:00+00:00,7521.57,7527.82,7518.81,7526.55,4307
2026-05-26T10:00:00+00:00,7526.55,7540.06,7525.32,7531.32,5597
2026-05-26T11:00:00+00:00,7531.32,7533.19,7521.17,7529.06,6389
2026-05-26T12:00:00+00:00,7529.06,7537.3,7524.8,7532.81,5433
2026-05-26T13:00:00+00:00,7532.81,7533.87,7513.85,7530.37,28910
2026-05-26T14:00:00+00:00,7530.37,7544.12,7527.85,7536.87,25561
2026-05-26T15:00:00+00:00,7536.87,7537.62,7506.1,7512.11,32611
2026-05-26T16:00:00+00:00,7512.11,7522.99,7508.6,7512.48,17035
2026-05-26T17:00:00+00:00,7512.48,7516.87,7507.35,7512.87,13511
2026-05-26T18:00:00+00:00,7512.87,7522.62,7510.6,7513.6,10077
2026-05-26T19:00:00+00:00,7513.6,7531.37,7511.1,7528.12,11466
2026-05-26T20:00:00+00:00,7528.12,7529.56,7520.07,7521.82,2523.2792084970174
2026-05-26T22:00:00+00:00,7521.82,7527.35,7518.86,7522.87,3797
2026-05-26T23:00:00+00:00,7522.87,7534.11,7522.87,7533.11,3249
2026-05-27T00:00:00+00:00,7533.11,7536.62,7527.12,7535.23,8786
2026-05-27T01:00:00+00:00,7535.23,7538.12,7531.12,7531.85,5344
2026-05-27T02:00:00+00:00,7531.85,7536.37,7531.85,7533.61,2878
2026-05-27T03:00:00+00:00,7533.61,7536.12,7527.85,7528.37,2451
2026-05-27T04:00:00+00:00,7528.37,7532.62,7524.87,7530.86,4101
2026-05-27T05:00:00+00:00,7530.86,7534.36,7527.35,7533.36,5484
2026-05-27T06:00:00+00:00,7533.36,7535.11,7526.6,7529.48,4866
2026-05-27T07:00:00+00:00,7529.48,7537.87,7529.37,7537.35,4579
2026-05-27T08:00:00+00:00,7537.35,7549.12,7536.6,7547.12,5866
2026-05-27T09:00:00+00:00,7547.12,7550.62,7545.35,7549.62,3581
2026-05-27T10:00:00+00:00,7549.62,7554.37,7548.85,7551.37,2941
2026-05-27T11:00:00+00:00,7551.37,7555.87,7540.1,7540.61,5943
2026-05-27T12:00:00+00:00,7540.61,7560.12,7534.87,7542.1,22934
2026-05-27T13:00:00+00:00,7542.1,7543.12,7515.16,7527.67,42272
2026-05-27T14:00:00+00:00,7527.67,7536.67,7515.41,7519.67,59510
2026-05-27T15:00:00+00:00,7519.67,7524.42,7506.15,7513.65,36093
2026-05-27T16:00:00+00:00,7513.65,7529.04,7508.65,7520.4,18368
2026-05-27T17:00:00+00:00,7520.4,7523.42,7504.65,7520.16,18423
2026-05-27T18:00:00+00:00,7520.16,7533.92,7516.15,7531.42,10958
2026-05-27T19:00:00+00:00,7531.42,7534.67,7524.9,7529.17,12086
2026-05-27T20:00:00+00:00,7529.17,7546.11,7527.85,7543.96,2993
2026-05-27T22:00:00+00:00,7543.96,7547.76,7531.24,7536.12,6153
2026-05-27T23:00:00+00:00,7536.12,7539.400000000001,7522.38,7524.75,6063.015439047926
2026-05-28T00:00:00+00:00,7524.75,7541.900000000001,7522.650000000001,7539.39,12916
2026-05-28T01:00:00+00:00,7539.39,7540.650000000001,7533.13,7539.63,9236
2026-05-28T02:00:00+00:00,7539.63,7540.900000000001,7522.64,7524.39,6003
2026-05-28T03:00:00+00:00,7524.39,7526.650000000001,7501.650000000001,7502.900000000001,16138
2026-05-28T04:00:00+00:00,7502.900000000001,7505.39,7496.14,7500.26,12509
2026-05-28T05:00:00+00:00,7500.26,7519.400000000001,7497.25,7518.14,8820
2026-05-28T06:00:00+00:00,7518.14,7521.650000000001,7513.88,7518.63,4285
2026-05-28T07:00:00+00:00,7518.63,7524.650000000001,7515.63,7521.900000000001,6550
2026-05-28T08:00:00+00:00,7521.900000000001,7524.89,7517.13,7523.38,6761
2026-05-28T09:00:00+00:00,7523.38,7526.02,7517.64,7522.52,3780
2026-05-28T10:00:00+00:00,7522.52,7522.650000000001,7505.38,7509.51,6621
2026-05-28T11:00:00+00:00,7509.51,7514.900000000001,7507.13,7512.150000000001,7609
2026-05-28T12:00:00+00:00,7512.150000000001,7529.900000000001,7511.13,7528.400000000001,9829
2026-05-28T13:00:00+00:00,7528.400000000001,7534.14,7515.6900000000005,7525.93,25774
2026-05-28T14:00:00+00:00,7525.93,7564.200000000001,7523.660000000001,7552.93,66670
2026-05-28T15:00:00+00:00,7552.93,7567.200000000001,7551.93,7565.18,17893
2026-05-28T16:00:00+00:00,7565.18,7572.950000000001,7561.18,7571.450000000001,8969
2026-05-28T17:00:00+00:00,7571.450000000001,7573.700000000001,7565.160000000001,7571.43,6794
2026-05-28T18:00:00+00:00,7571.43,7573.200000000001,7566.43,7566.950000000001,7454
2026-05-28T19:00:00+00:00,7566.950000000001,7576.700000000001,7565.68,7572.18,7993
2026-05-28T20:00:00+00:00,7572.18,7580.900000000001,7570.38,7578.150000000001,2389
2026-05-28T22:00:00+00:00,7578.150000000001,7583.06,7575.68,7575.93,4069
2026-05-28T23:00:00+00:00,7575.93,7580.700000000001,7574.700000000001,7575.950000000001,2095
2026-05-29T00:00:00+00:00,7575.950000000001,7576.6900000000005,7566.4400000000005,7568.200000000001,5809
2026-05-29T01:00:00+00:00,7568.200000000001,7570.18,7563.4400000000005,7567.700000000001,5444
2026-05-29T02:00:00+00:00,7567.700000000001,7571.950000000001,7564.93,7566.43,3648
2026-05-29T03:00:00+00:00,7566.43,7573.200000000001,7566.18,7571.18,2957
2026-05-29T04:00:00+00:00,7571.18,7577.81,7571.18,7575.700000000001,2398
2026-05-29T05:00:00+00:00,7575.700000000001,7578.6900000000005,7574.43,7576.6900000000005,1969
2026-05-29T06:00:00+00:00,7576.6900000000005,7583.200000000001,7576.43,7582.93,3415
2026-05-29T07:00:00+00:00,7582.93,7583.200000000001,7570.56,7577.18,5206
2026-05-29T08:00:00+00:00,7577.18,7579.950000000001,7572.68,7576.4400000000005,5403
2026-05-29T09:00:00+00:00,7576.4400000000005,7585.9400000000005,7575.68,7580.950000000001,5316
2026-05-29T10:00:00+00:00,7580.950000000001,7581.950000000001,7575.43,7580.950000000001,3557
2026-05-29T11:00:00+00:00,7580.950000000001,7586.43,7574.6900000000005,7583.9400000000005,5489
2026-05-29T12:00:00+00:00,7583.9400000000005,7584.700000000001,7576.68,7581.93,6337
2026-05-29T13:00:00+00:00,7581.93,7600.5,7577.4800000000005,7599.490000000001,20404
2026-05-29T14:00:00+00:00,7599.490000000001,7602.25,7568.2300000000005,7581.4800000000005,59267
2026-05-29T15:00:00+00:00,7581.4800000000005,7595.25,7579.9800000000005,7585.25,35805
2026-05-29T16:00:00+00:00,7585.25,7599.25,7584.2300000000005,7588.7300000000005,18049
2026-05-29T17:00:00+00:00,7588.7300000000005,7591,7573.23,7574.11,15248.669721633267
2026-05-29T18:00:00+00:00,7574.11,7588.869999999999,7572.349999999999,7576.099999999999,16072
2026-05-29T19:00:00+00:00,7576.099999999999,7597.86,7574.599999999999,7585.61,17884
2026-05-29T20:00:00+00:00,7585.61,7589.5599999999995,7579.79,7580.55,4095
2026-05-31T22:00:00+00:00,7580.55,7595.25,7577.5,7593.75,6470
2026-05-31T23:00:00+00:00,7593.75,7598.5,7592.24,7597.24,2794
2026-06-01T00:00:00+00:00,7597.24,7606,7596.5,7603.73,6112
2026-06-01T01:00:00+00:00,7603.73,7606.5,7600.25,7605.99,4237
2026-06-01T02:00:00+00:00,7605.99,7610,7605.73,7607.5,2270
2026-06-01T03:00:00+00:00,7607.5,7612,7602.99,7604.49,3119
2026-06-01T04:00:00+00:00,7604.49,7610,7604.23,7609.49,1791
2026-06-01T05:00:00+00:00,7609.49,7611.25,7606.23,7609.99,2173
2026-06-01T06:00:00+00:00,7609.99,7611,7606.23,7609.73,2959
2026-06-01T07:00:00+00:00,7609.73,7612.75,7599.5,7603.48,5982
2026-06-01T08:00:00+00:00,7603.48,7606.25,7597.98,7606.23,5815
2026-06-01T09:00:00+00:00,7606.23,7608.49,7600.99,7602,3715
2026-06-01T10:00:00+00:00,7602,7610,7601.98,7608.48,3012
2026-06-01T11:00:00+00:00,7608.48,7614.25,7605.98,7606.23,4540
2026-06-01T12:00:00+00:00,7606.23,7607.75,7598.35,7600.74,6504
2026-06-01T13:00:00+00:00,7600.74,7602.25,7568.3,7576.76,65819
2026-06-01T14:00:00+00:00,7576.76,7588.42,7573.28,7577.03,44521
2026-06-01T15:00:00+00:00,7577.03,7595.05,7575.03,7587.8,26156
2026-06-01T16:00:00+00:00,7587.8,7601.3,7579.28,7599.78,18679
2026-06-01T17:00:00+00:00,7599.78,7624.28,7591.03,7616.53,24889
2026-06-01T18:00:00+00:00,7616.53,7620.3,7614.28,7616.53,8106
2026-06-01T19:00:00+00:00,7616.53,7618.8,7602.78,7606.03,11367
2026-06-01T20:00:00+00:00,7606.03,7610.24,7598.49,7600.59,3550
2026-06-01T22:00:00+00:00,7600.59,7604.61,7583.74,7588,5654
2026-06-01T23:00:00+00:00,7588,7591.5,7584.5,7588.49,2892
2026-06-02T00:00:00+00:00,7588.49,7588.75,7572.73,7574.25,10865
2026-06-02T01:00:00+00:00,7574.25,7578.5,7570.24,7570.24,11442
2026-06-02T02:00:00+00:00,7570.24,7575.98,7569.73,7573.99,5925
2026-06-02T03:00:00+00:00,7573.99,7575.25,7568.98,7574.5,5515
2026-06-02T04:00:00+00:00,7574.5,7583.48,7573.98,7583,3530
2026-06-02T05:00:00+00:00,7583,7589.25,7581,7586.74,4033
2026-06-02T06:00:00+00:00,7586.74,7595,7586.23,7594.25,4813
2026-06-02T07:00:00+00:00,7594.25,7599.1,7593.98,7598.74,5164
2026-06-02T08:00:00+00:00,7598.74,7603,7595.75,7598.24,7158
2026-06-02T09:00:00+00:00,7598.24,7598.5,7591.23,7593.99,5016
2026-06-02T10:00:00+00:00,7593.99,7596,7591.48,7591.49,3636
2026-06-02T11:00:00+00:00,7591.49,7595,7587.98,7588.74,5046
2026-06-02T12:00:00+00:00,7588.74,7595.48,7587.73,7589.5,6539
2026-06-02T13:00:00+00:00,7589.5,7598.05,7580.12,7596.4,32536
2026-06-02T14:00:00+00:00,7596.4,7618.05,7592.78,7617.79,33382
2026-06-02T15:00:00+00:00,7617.79,7624.55,7614.29,7617.3,16562
2026-06-02T16:00:00+00:00,7617.3,7620.55,7611.53,7619.04,13691
2026-06-02T17:00:00+00:00,7619.04,7620.05,7608.28,7609.3,12774
2026-06-02T18:00:00+00:00,7609.3,7613.8,7607.03,7611.54,9495
2026-06-02T19:00:00+00:00,7611.54,7618.05,7611.3,7616.03,9112
2026-06-02T20:00:00+00:00,7616.03,7622.49,7615.99,7620.85,2407
2026-06-02T22:00:00+00:00,7620.85,7621.62,7613.86,7614.6,7130
2026-06-02T23:00:00+00:00,7614.6,7619.12,7595.37,7617.62,13979
2026-06-03T00:00:00+00:00,7617.62,7620.35,7612.85,7618.6,8514
2026-06-03T01:00:00+00:00,7618.6,7619.36,7612.36,7614.97,5133
2026-06-03T02:00:00+00:00,7614.97,7616.37,7613.35,7614.62,2233
2026-06-03T03:00:00+00:00,7614.62,7617.85,7614.1,7616.86,1755
2026-06-03T04:00:00+00:00,7616.86,7619.12,7615.12,7615.61,1087
2026-06-03T05:00:00+00:00,7615.61,7617.62,7610.86,7612.1,2528
2026-06-03T06:00:00+00:00,7612.1,7615.12,7609.1,7612.36,5042
2026-06-03T07:00:00+00:00,7612.36,7616.85,7608.85,7613.37,5700
2026-06-03T08:00:00+00:00,7613.37,7615.35,7608.61,7611.86,5724
2026-06-03T09:00:00+00:00,7611.86,7614.87,7604.6,7605.11,3936
2026-06-03T10:00:00+00:00,7605.11,7615.37,7603.6,7607.87,8457
2026-06-03T11:00:00+00:00,7607.87,7613.61,7607.72,7609.61,3899
2026-06-03T12:00:00+00:00,7609.61,7611.87,7597.11,7600.1,7413
2026-06-03T13:00:00+00:00,7600.1,7607.92,7567.91,7579.66,38202
2026-06-03T14:00:00+00:00,7579.66,7590.42,7577.15,7582.16,42338
2026-06-03T15:00:00+00:00,7582.16,7585.67,7568.15,7572.67,28341
2026-06-03T16:00:00+00:00,7572.67,7575.17,7555.9,7571.42,25670
2026-06-03T17:00:00+00:00,7571.42,7578.17,7560.4,7576.41,15936
2026-06-03T18:00:00+00:00,7576.41,7581.21,7570.45,7576.7,12875.307212378339
2026-06-03T19:00:00+00:00,7576.7,7576.71,7561.94,7565.71,18445
2026-06-03T20:00:00+00:00,7565.71,7566.4,7534.89,7540.76,16189
2026-06-03T22:00:00+00:00,7540.76,7540.76,7523.46,7536.48,13635
2026-06-03T23:00:00+00:00,7536.48,7537.47,7521.96,7527.21,8622
2026-06-04T00:00:00+00:00,7527.21,7541.71,7524.46,7539.47,16123
2026-06-04T01:00:00+00:00,7539.47,7544.23,7529.6,7533.73,10648
2026-06-04T02:00:00+00:00,7533.73,7534.23,7520.46,7527.96,9719
2026-06-04T03:00:00+00:00,7527.96,7537.48,7526.96,7536.47,5629
2026-06-04T04:00:00+00:00,7536.47,7540.73,7533.97,7538.98,4101
2026-06-04T05:00:00+00:00,7538.98,7539.48,7531.22,7536.71,6778
2026-06-04T06:00:00+00:00,7536.71,7545.72,7534.96,7545.46,6759
2026-06-04T07:00:00+00:00,7545.46,7550.73,7543.71,7546.48,7431
2026-06-04T08:00:00+00:00,7546.48,7546.48,7529.97,7533.34,16521
2026-06-04T09:00:00+00:00,7533.34,7542.48,7525.23,7540.59,14857
2026-06-04T10:00:00+00:00,7540.59,7540.73,7520.96,7526.34,9627
2026-06-04T11:00:00+00:00,7526.34,7538.47,7517.46,7536.85,20510
2026-06-04T12:00:00+00:00,7536.85,7545.23,7529.6,7542.98,17692
2026-06-04T13:00:00+00:00,7542.98,7557.53,7534.76,7552.26,50784
2026-06-04T14:00:00+00:00,7552.26,7563.28,7542.76,7562.53,50203
2026-06-04T15:00:00+00:00,7562.53,7580.28,7562.2699999999995,7574.0199999999995,21288
2026-06-04T16:00:00+00:00,7574.0199999999995,7590.53,7572.28,7589.28,13296
2026-06-04T17:00:00+00:00,7589.28,7598.28,7587.01,7597.76,8603
2026-06-04T18:00:00+00:00,7597.76,7600.78,7596.01,7597.28,9504
2026-06-04T19:00:00+00:00,7597.28,7604.28,7591.2699999999995,7592.51,18133
2026-06-04T20:00:00+00:00,7592.51,7594.98,7579.96,7580.56,8095
2026-06-04T22:00:00+00:00,7580.56,7583.46,7570.84,7578.34,7035
2026-06-04T23:00:00+00:00,7578.34,7579.36,7565.84,7565.84,5865
2026-06-05T00:00:00+00:00,7565.84,7566.09,7549.09,7551.6,22250
2026-06-05T01:00:00+00:00,7551.6,7553.36,7539.34,7553.11,20528
2026-06-05T02:00:00+00:00,7553.11,7558.86,7550.84,7553.84,12928
2026-06-05T03:00:00+00:00,7553.84,7556.61,7546.09,7549.1,12796
2026-06-05T04:00:00+00:00,7549.1,7557.86,7547.84,7556.35,11460
2026-06-05T05:00:00+00:00,7556.35,7556.86,7549.34,7550.35,10668
2026-06-05T06:00:00+00:00,7550.35,7557.61,7543.34,7546.35,12707
2026-06-05T07:00:00+00:00,7546.35,7552.36,7539.59,7549.86,14226
2026-06-05T08:00:00+00:00,7549.86,7560.86,7546.86,7552.86,13872
2026-06-05T09:00:00+00:00,7552.86,7571.36,7552.11,7560.09,15371
2026-06-05T10:00:00+00:00,7560.09,7566.6,7559.6,7560.86,5539
2026-06-05T11:00:00+00:00,7560.86,7563.35,7551.85,7555.86,7631
2026-06-05T12:00:00+00:00,7555.86,7560.36,7538.84,7542.1,23512
2026-06-05T13:00:00+00:00,7542.1,7545.16,7503.14,7503.9,60600
2026-06-05T14:00:00+00:00,7503.9,7525.9,7498.4,7515.41,76180
2026-06-05T15:00:00+00:00,7515.41,7518.66,7478.89,7482.66,48049
2026-06-05T16:00:00+00:00,7482.66,7482.91,7441.4,7462.4,53407
2026-06-05T17:00:00+00:00,7462.4,7470.16,7444.63,7464.1900000000005,50762.52741554688
2026-06-05T18:00:00+00:00,7464.1900000000005,7465.1900000000005,7401.920000000001,7408.920000000001,70163
2026-06-05T19:00:00+00:00,7408.920000000001,7415.9400000000005,7372.4400000000005,7392.9400000000005,101476
2026-06-05T20:00:00+00:00,7392.9400000000005,7394.14,7351.56,7356.91,33717
2026-06-07T22:00:00+00:00,7356.91,7391,7350.02,7362.38,35261
2026-06-07T23:00:00+00:00,7362.38,7398.77,7362.38,7394.89,17883
2026-06-08T00:00:00+00:00,7394.89,7417.52,7390.5,7410.02,28853
2026-06-08T01:00:00+00:00,7410.02,7413.77,7378.87,7400.75,51500
2026-06-08T02:00:00+00:00,7400.75,7413.77,7395.25,7409.25,29004
2026-06-08T03:00:00+00:00,7409.25,7414.01,7405.5,7411.26,16618
2026-06-08T04:00:00+00:00,7411.26,7413.52,7395.25,7395.88,20231
2026-06-08T05:00:00+00:00,7395.88,7403.51,7381,7386.26,27494
2026-06-08T06:00:00+00:00,7386.26,7404.51,7384.26,7397.25,29098
2026-06-08T07:00:00+00:00,7397.25,7423.52,7395.12,7417.76,25760
2026-06-08T08:00:00+00:00,7417.76,7418.27,7404,7408.26,23096
2026-06-08T09:00:00+00:00,7408.26,7425.38,7401.75,7422.01,19042
2026-06-08T10:00:00+00:00,7422.01,7430.27,7410.27,7423.01,19542
2026-06-08T11:00:00+00:00,7423.01,7452.26,7417.25,7441.52,29962
2026-06-08T12:00:00+00:00,7441.52,7462.26,7440.75,7454.01,20384
2026-06-08T13:00:00+00:00,7454.01,7466.13,7425.8,7426.07,89110
2026-06-08T14:00:00+00:00,7426.07,7468.3,7423.8,7467.82,100975
2026-06-08T15:00:00+00:00,7467.82,7471.32,7435.55,7444.67,52605
2026-06-08T16:00:00+00:00,7444.67,7457.06,7431.93,7436.05,49636
2026-06-08T17:00:00+00:00,7436.05,7441.07,7417.8,7428.31,61101
2026-06-08T18:00:00+00:00,7428.31,7441.82,7424.8,7426.55,40623
2026-06-08T19:00:00+00:00,7426.55,7428.82,7398.55,7410.56,51066
2026-06-08T20:00:00+00:00,7410.56,7413.52,7402,7407.12,7834
2026-06-08T22:00:00+00:00,7407.12,7411.75,7385.75,7406.86,15720
2026-06-08T23:00:00+00:00,7406.86,7414.24,7398.23,7405.35,12627
2026-06-09T00:00:00+00:00,7405.35,7407,7385.23,7390.35,41015
2026-06-09T01:00:00+00:00,7390.35,7423.25,7388.48,7414.86,36100
2026-06-09T02:00:00+00:00,7414.86,7420.25,7410.61,7418.5,18884
2026-06-09T03:00:00+00:00,7418.5,7428.25,7416.48,7425.49,14833
2026-06-09T04:00:00+00:00,7425.49,7432.37,7422.99,7429.25,8791
2026-06-09T05:00:00+00:00,7429.25,7436,7427.23,7431.75,12311
2026-06-09T06:00:00+00:00,7431.75,7437.23,7425.25,7428.5,10705
2026-06-09T07:00:00+00:00,7428.5,7441.87,7425.74,7427.5,15456
2026-06-09T08:00:00+00:00,7427.5,7443.99,7423.24,7437.23,15398
2026-06-09T09:00:00+00:00,7437.23,7446.24,7436.23,7443.75,6666
2026-06-09T10:00:00+00:00,7443.75,7451,7429.48,7446.36,11532
2026-06-09T11:00:00+00:00,7446.36,7449.75,7438.23,7438.48,7892
2026-06-09T12:00:00+00:00,7438.48,7451.74,7436.48,7451.12,10267
2026-06-09T13:00:00+00:00,7451.12,7486.3,7444.23,7460.53,43453
2026-06-09T14:00:00+00:00,7460.53,7467.54,7362.79,7394.3,158402
2026-06-09T15:00:00+00:00,7394.3,7400.8,7306.03,7307.54,153116
2026-06-09T16:00:00+00:00,7307.54,7322.29,7242.4,7282.53,165571
2026-06-09T17:00:00+00:00,7282.53,7356.4,7280.54,7342.8,143458
2026-06-09T18:00:00+00:00,7342.8,7388.65,7337.78,7384.54,100690
2026-06-09T19:00:00+00:00,7384.54,7393.8,7342.53,7387.03,131496
2026-06-09T20:00:00+00:00,7387.03,7394,7377.48,7384.97,22670
2026-06-09T22:00:00+00:00,7384.97,7384.97,7359.28,7365.92,25368
2026-06-09T23:00:00+00:00,7365.92,7375.53,7360.55,7374.29,12871
2026-06-10T00:00:00+00:00,7374.29,7388.79,7359.56,7377.17,35506
2026-06-10T01:00:00+00:00,7377.17,7385.54,7372.04,7375.65,30006
2026-06-10T02:00:00+00:00,7375.65,7377.04,7365.03,7366.55,19374
2026-06-10T03:00:00+00:00,7366.55,7377.17,7365.28,7367.91,15018
2026-06-10T04:00:00+00:00,7367.91,7369.42,7351.54,7353.54,14191
2026-06-10T05:00:00+00:00,7353.54,7366.3,7349.41,7363.79,19495
2026-06-10T06:00:00+00:00,7363.79,7371.41,7362.28,7364.04,13007
2026-06-10T07:00:00+00:00,7364.04,7369.3,7357.53,7363.03,18300
2026-06-10T08:00:00+00:00,7363.03,7363.54,7328.29,7331.8,28111
2026-06-10T09:00:00+00:00,7331.8,7338.3,7314.53,7333.29,27334
2026-06-10T10:00:00+00:00,7333.29,7342.3,7320.04,7339.65,21952
2026-06-10T11:00:00+00:00,7339.65,7342.15,7301.16,7317.91,52116
2026-06-10T12:00:00+00:00,7317.91,7362.53,7315.03,7346.05,73810
2026-06-10T13:00:00+00:00,7346.05,7386.1,7331.08,7373.59,115043
2026-06-10T14:00:00+00:00,7373.59,7400.35,7338.83,7344.85,160778
2026-06-10T15:00:00+00:00,7344.85,7360.6,7300.81,7335.95,162888
2026-06-10T16:00:00+00:00,7335.95,7341.7,7310.33,7319.85,102928
2026-06-10T17:00:00+00:00,7319.85,7330.09,7294.83,7322.85,97727
2026-06-10T18:00:00+00:00,7322.85,7334.1,7286.33,7290.84,78419
2026-06-10T19:00:00+00:00,7290.84,7297.85,7270.84,7271.84,88757
2026-06-10T20:00:00+00:00,7271.84,7274.8,7251.53,7262.9,21251
2026-06-10T22:00:00+00:00,7262.9,7263.05,7239.53,7240.42,27063
2026-06-10T23:00:00+00:00,7240.42,7259.06,7228.3,7245.4400000000005,23878.878260713773
2026-06-11T00:00:00+00:00,7245.4400000000005,7278.700000000001,7241.68,7272.93,50666
2026-06-11T01:00:00+00:00,7272.93,7301.93,7272.8,7283.4400000000005,33943
2026-06-11T02:00:00+00:00,7283.4400000000005,7292.9400000000005,7268.72,7285.06,31402
2026-06-11T03:00:00+00:00,7285.06,7301.9400000000005,7276.93,7300.68,25043
2026-06-11T04:00:00+00:00,7300.68,7313.450000000001,7296.43,7308.68,17164
2026-06-11T05:00:00+00:00,7308.68,7309.56,7298.43,7304.31,18439
2026-06-11T06:00:00+00:00,7304.31,7311.950000000001,7290.68,7311.18,20137
2026-06-11T07:00:00+00:00,7311.18,7327.18,7308.05,7322.93,17495
2026-06-11T08:00:00+00:00,7322.93,7333.450000000001,7322.18,7332.43,15138
2026-06-11T09:00:00+00:00,7332.43,7334.700000000001,7327.43,7329.43,9939
2026-06-11T10:00:00+00:00,7329.43,7333.450000000001,7324.18,7324.6900000000005,10058
2026-06-11T11:00:00+00:00,7324.6900000000005,7329.700000000001,7313.43,7327.950000000001,17275
2026-06-11T12:00:00+00:00,7327.950000000001,7329.950000000001,7284.1900000000005,7311.9400000000005,52855
2026-06-11T13:00:00+00:00,7311.9400000000005,7331.240000000001,7278.9800000000005,7312.9800000000005,97705
2026-06-11T14:00:00+00:00,7312.9800000000005,7331.500000000001,7266.210000000001,7271.250000000001,147410
2026-06-11T15:00:00+00:00,7271.250000000001,7310.250000000001,7258.9800000000005,7295.990000000001,129768
2026-06-11T16:00:00+00:00,7295.990000000001,7318.610000000001,7280.240000000001,7280.750000000001,89465
2026-06-11T17:00:00+00:00,7280.750000000001,7382.250000000001,7267.7300000000005,7364.990000000001,144276
2026-06-11T18:00:00+00:00,7364.990000000001,7379.000000000001,7340.700000000001,7373.500000000001,94590
2026-06-11T19:00:00+00:00,7373.500000000001,7415.750000000001,7368.950000000001,7390.240000000001,86608
2026-06-11T20:00:00+00:00,7390.240000000001,7405.450000000001,7385.950000000001,7393.910000000001,16520
2026-06-11T22:00:00+00:00,7393.910000000001,7412.47,7392.7300000000005,7407.700000000001,14168
2026-06-11T23:00:00+00:00,7407.700000000001,7412.960000000001,7398.700000000001,7411.200000000001,8961
2026-06-12T00:00:00+00:00,7411.200000000001,7417.47,7402.700000000001,7408.700000000001,17249
2026-06-12T01:00:00+00:00,7408.700000000001,7408.820000000001,7392.950000000001,7406.22,15271
2026-06-12T02:00:00+00:00,7406.22,7411.210000000001,7400.950000000001,7407.72,9852
2026-06-12T03:00:00+00:00,7407.72,7408.080000000001,7395.700000000001,7403.09,10009
2026-06-12T04:00:00+00:00,7403.09,7407.47,7396.450000000001,7406.84,6790
2026-06-12T05:00:00+00:00,7406.84,7408.72,7383.450000000001,7389.210000000001,15145
2026-06-12T06:00:00+00:00,7389.210000000001,7399.960000000001,7380.450000000001,7384.22,14354
2026-06-12T07:00:00+00:00,7384.22,7404.59,7370.950000000001,7396.97,20003
2026-06-12T08:00:00+00:00,7396.97,7424.450000000001,7395.200000000001,7411.22,24419
2026-06-12T09:00:00+00:00,7411.22,7447.22,7411.22,7435.47,15864
2026-06-12T10:00:00+00:00,7435.47,7440.710000000001,7415.47,7420.830000000001,16556
2026-06-12T11:00:00+00:00,7420.830000000001,7443.960000000001,7418.450000000001,7439.210000000001,14472
2026-06-12T12:00:00+00:00,7439.210000000001,7440.710000000001,7397.950000000001,7400.460000000001,23233
2026-06-12T13:00:00+00:00,7400.460000000001,7420.77,7362.750000000001,7379.13,103701
2026-06-12T14:00:00+00:00,7379.13,7439.77,7376.97,7436.76,136412
2026-06-12T15:00:00+00:00,7436.76,7457.52,7397.500000000001,7402.000000000001,86745
2026-06-12T16:00:00+00:00,7402.000000000001,7435.64,7395.000000000001,7428.370000000001,73204
2026-06-12T17:00:00+00:00,7428.370000000001,7443.27,7422.550000000001,7426.81,39562.82679355191
2026-06-12T18:00:00+00:00,7426.81,7437.570000000001,7418.06,7424.320000000001,32103
2026-06-12T19:00:00+00:00,7424.320000000001,7436.300000000001,7415.050000000001,7430.070000000001,35969
2026-06-12T20:00:00+00:00,7430.070000000001,7441.32,7429.500000000001,7435.05,4669
2026-06-14T22:00:00+00:00,7435.05,7501.53,7435.05,7491.78,27117
2026-06-14T23:00:00+00:00,7491.78,7495.77,7481.76,7493.78,11603
2026-06-15T00:00:00+00:00,7493.78,7508.78,7491.26,7504.51,19382
2026-06-15T01:00:00+00:00,7504.51,7511.76,7502.63,7509.02,12242
2026-06-15T02:00:00+00:00,7509.02,7517.28,7508.77,7516.27,5103
2026-06-15T03:00:00+00:00,7516.27,7520.52,7514.01,7516.76,5003
2026-06-15T04:00:00+00:00,7516.76,7524.52,7514.26,7523.76,4279
2026-06-15T05:00:00+00:00,7523.76,7528.28,7523.01,7528.26,5356
2026-06-15T06:00:00+00:00,7528.26,7529.78,7520.26,7523.01,9265
2026-06-15T07:00:00+00:00,7523.01,7529.01,7518.63,7519.51,13618
2026-06-15T08:00:00+00:00,7519.51,7529.28,7519.01,7524.78,14399
2026-06-15T09:00:00+00:00,7524.78,7528.53,7515.76,7520.02,11431
2026-06-15T10:00:00+00:00,7520.02,7525.53,7519.51,7525.02,7621
2026-06-15T11:00:00+00:00,7525.02,7534.78,7524.27,7528.88,12419
2026-06-15T12:00:00+00:00,7528.88,7532.15,7520.51,7527.53,17515
2026-06-15T13:00:00+00:00,7527.53,7554.83,7525.01,7547.07,32356
2026-06-15T14:00:00+00:00,7547.07,7558.08,7539.31,7556.31,56091
2026-06-15T15:00:00+00:00,7556.31,7577.07,7556.31,7576.07,19065
2026-06-15T16:00:00+00:00,7576.07,7581.33,7569.56,7572.57,14061
2026-06-15T17:00:00+00:00,7572.57,7577.58,7564.81,7566.08,15956
2026-06-15T18:00:00+00:00,7566.08,7568.83,7558.44,7564.31,17935
2026-06-15T19:00:00+00:00,7564.31,7566.83,7548.81,7562.93,24194
2026-06-15T20:00:00+00:00,7562.93,7563.28,7556.26,7556.48,7328
2026-06-15T22:00:00+00:00,7556.48,7561.78,7545.62,7550,8370
2026-06-15T23:00:00+00:00,7550,7554.88,7547.38,7553.51,4770
2026-06-16T00:00:00+00:00,7553.51,7558.25,7545.88,7548.49,13132
2026-06-16T01:00:00+00:00,7548.49,7552.13,7546.36,7548.86,11532
2026-06-16T02:00:00+00:00,7548.86,7553.61,7546.86,7550.01,5984
2026-06-16T03:00:00+00:00,7550.01,7560.13,7549.26,7555.74,6837
2026-06-16T04:00:00+00:00,7555.74,7556.26,7547.99,7551.25,5008
2026-06-16T05:00:00+00:00,7551.25,7558.26,7548.99,7550.75,6780
2026-06-16T06:00:00+00:00,7550.75,7556.76,7549.49,7555.13,7385
2026-06-16T07:00:00+00:00,7555.13,7560.62,7552.86,7557.38,10263
2026-06-16T08:00:00+00:00,7557.38,7563.26,7553.11,7559,11402
2026-06-16T09:00:00+00:00,7559,7561.5,7551.24,7553,8113
2026-06-16T10:00:00+00:00,7553,7563.13,7553,7562.87,6211
2026-06-16T11:00:00+00:00,7562.87,7566.76,7560.24,7563.99,8235
2026-06-16T12:00:00+00:00,7563.99,7567.26,7554.25,7557.01,16961
2026-06-16T13:00:00+00:00,7557.01,7568.31,7552.74,7554.8,49415
2026-06-16T14:00:00+00:00,7554.8,7565.56,7536.04,7542.41,107867
2026-06-16T15:00:00+00:00,7542.41,7550.56,7530.54,7541.06,86665
2026-06-16T16:00:00+00:00,7541.06,7553.79,7536.54,7540.56,60171
2026-06-16T17:00:00+00:00,7540.56,7541.67,7527.92,7534.8,43569
2026-06-16T18:00:00+00:00,7534.8,7537.06,7529.27,7531.04,31486
2026-06-16T19:00:00+00:00,7531.04,7531.56,7511.81,7517.05,63399
2026-06-16T20:00:00+00:00,7517.05,7517.75,7507.49,7512.85,12020
2026-06-16T22:00:00+00:00,7512.85,7527.43,7511.18,7526.55,3858
2026-06-16T23:00:00+00:00,7526.55,7526.91,7519.16,7522.28,5556
2026-06-17T00:00:00+00:00,7522.28,7530.43,7522.28,7527.18,12214
2026-06-17T01:00:00+00:00,7527.18,7535.68,7525.66,7535.54,6729
2026-06-17T02:00:00+00:00,7535.54,7535.68,7531.41,7532.92,3753
2026-06-17T03:00:00+00:00,7532.92,7536.18,7529.16,7535.92,4715
2026-06-17T04:00:00+00:00,7535.92,7536.91,7531.05,7536.28,4431
2026-06-17T05:00:00+00:00,7536.28,7538.18,7533.41,7534.42,4593
2026-06-17T06:00:00+00:00,7534.42,7539.68,7531.91,7539.17,6036
2026-06-17T07:00:00+00:00,7539.17,7542.93,7533.41,7536.05,8062
2026-06-17T08:00:00+00:00,7536.05,7538.55,7521.41,7529.79,12566
2026-06-17T09:00:00+00:00,7529.79,7531.67,7519.16,7521.18,9064
2026-06-17T10:00:00+00:00,7521.18,7528.04,7514.66,7520.68,10456
2026-06-17T11:00:00+00:00,7520.68,7527.43,7513.16,7516.91,11520
2026-06-17T12:00:00+00:00,7516.91,7526.3,7516.16,7525.17,15236
2026-06-17T13:00:00+00:00,7525.17,7530.23,7510.83,7510.97,68461
2026-06-17T14:00:00+00:00,7510.97,7533.73,7490.71,7502.48,127771
2026-06-17T15:00:00+00:00,7502.48,7520.73,7497.96,7518.09,70934
2026-06-17T16:00:00+00:00,7518.09,7522.48,7511.1,7511.98,31164
2026-06-17T17:00:00+00:00,7511.98,7520.09,7498.33,7518.69,33680
2026-06-17T18:00:00+00:00,7518.69,7518.69,7446.35,7471.72,220995
2026-06-17T19:00:00+00:00,7471.72,7483.22,7403.33,7421.97,189719
2026-06-17T20:00:00+00:00,7421.97,7444.67,7419.05,7440.88,25696
2026-06-17T22:00:00+00:00,7440.88,7458.48,7434.97,7456.22,8316
2026-06-17T23:00:00+00:00,7456.22,7471.97,7454.85,7471.97,4257
2026-06-18T00:00:00+00:00,7471.97,7490.99,7470.49,7481.22,20141
2026-06-18T01:00:00+00:00,7481.22,7491.99,7480.59,7483.49,14806
2026-06-18T02:00:00+00:00,7483.49,7490.24,7482.72,7487.22,8503
2026-06-18T03:00:00+00:00,7487.22,7489.49,7480.97,7486.23,7736
2026-06-18T04:00:00+00:00,7486.23,7487.24,7469.97,7475.59,10903
2026-06-18T05:00:00+00:00,7475.59,7481.24,7473.47,7476.98,9387
2026-06-18T06:00:00+00:00,7476.98,7487.74,7471.47,7487.35,12759
2026-06-18T07:00:00+00:00,7487.35,7489.99,7480.97,7489.97,11848
2026-06-18T08:00:00+00:00,7489.97,7498.73,7477.47,7478.49,13745
2026-06-18T09:00:00+00:00,7478.49,7494.49,7476.48,7493.74,10213
2026-06-18T10:00:00+00:00,7493.74,7495.24,7481.99,7483.97,9358
2026-06-18T11:00:00+00:00,7483.97,7485.48,7461.49,7473.73,18781
2026-06-18T12:00:00+00:00,7473.73,7495.49,7471.22,7490.99,16294
2026-06-18T13:00:00+00:00,7490.99,7512.28,7466.27,7474.78,73677
2026-06-18T14:00:00+00:00,7474.78,7501.29,7469.77,7497.04,84727
2026-06-18T15:00:00+00:00,7497.04,7499.29,7471.77,7491.03,58262
2026-06-18T16:00:00+00:00,7491.03,7501.04,7485.77,7494.79,27901
2026-06-18T17:00:00+00:00,7494.79,7509.54,7492.27,7497.78,16438
2026-06-18T18:00:00+00:00,7497.78,7498.54,7490.02,7492.02,17517
2026-06-18T19:00:00+00:00,7492.02,7511.29,7479.78,7495.29,33709
2026-06-18T20:00:00+00:00,7495.29,7513.49,7492.72,7505.57,7201
2026-06-18T22:00:00+00:00,7505.57,7511.61,7491.23,7492.74,4738
2026-06-18T23:00:00+00:00,7492.74,7499.74,7491.97,7497.23,3519
2026-06-19T00:00:00+00:00,7497.23,7497.49,7487.72,7489.73,10113
2026-06-19T01:00:00+00:00,7489.73,7492.24,7478.97,7479.24,7201
2026-06-19T02:00:00+00:00,7479.24,7480.74,7473.47,7477.99,6094
2026-06-19T03:00:00+00:00,7477.99,7479.99,7467.72,7470.23,8995
2026-06-19T04:00:00+00:00,7470.23,7471.24,7452.98,7456.99,11977
2026-06-19T05:00:00+00:00,7456.99,7463.24,7452.22,7462.99,8385
2026-06-19T06:00:00+00:00,7462.99,7474.47,7461.72,7472.99,7150
2026-06-19T07:00:00+00:00,7472.99,7486.61,7472.72,7485.74,6681
2026-06-19T08:00:00+00:00,7485.74,7492.23,7482.22,7490.47,5978
2026-06-19T09:00:00+00:00,7490.47,7493.85,7484.99,7486.85,6851
2026-06-19T10:00:00+00:00,7486.85,7487.47,7469.23,7475.35,7836
2026-06-19T11:00:00+00:00,7475.35,7477.86,7468.84,7475.86,7114.904985603879
2026-06-19T12:00:00+00:00,7475.86,7493.86,7464.84,7490.46,11612
2026-06-19T13:00:00+00:00,7490.46,7494.91,7486.34,7491.15,10776
2026-06-19T14:00:00+00:00,7491.15,7497.9,7485.5199999999995,7496.91,5306
2026-06-19T15:00:00+00:00,7496.91,7500.16,7490.14,7495.66,3664
2026-06-19T16:00:00+00:00,7495.66,7498.89,7486.13,7488.13,2443
2026-06-19T17:00:00+00:00,7484.97,7486.07,7481.869999999999,7484.97,144.27740243157618
2026-06-19T18:00:00+00:00,7486.07,7486.07,7483.97,7484.97,49.12567690600236
2026-06-19T19:00:00+00:00,7486.07,7488.2699999999995,7476.469999999999,7480.769999999999,317.9405452547875
2026-06-21T22:00:00+00:00,7488.01,7488.01,7459.29,7471.16,12165
2026-06-21T23:00:00+00:00,7471.16,7471.42,7446.16,7449.05,12739
2026-06-22T00:00:00+00:00,7449.05,7483.06,7447.54,7482.06,23372
2026-06-22T01:00:00+00:00,7482.06,7490.42,7482.05,7482.79,12434
2026-06-22T02:00:00+00:00,7482.79,7484.04,7470.54,7471.8,7291
2026-06-22T03:00:00+00:00,7471.8,7475.56,7466.66,7467.81,6879
2026-06-22T04:00:00+00:00,7467.81,7469.8,7461.55,7467.92,8249
2026-06-22T05:00:00+00:00,7467.92,7480.81,7467.29,7479.56,8270
2026-06-22T06:00:00+00:00,7479.56,7496.04,7479.05,7494.8,6869
2026-06-22T07:00:00+00:00,7494.8,7500.56,7493.79,7495.79,8625
2026-06-22T08:00:00+00:00,7495.79,7496.91,7485.66,7492.54,12074
2026-06-22T09:00:00+00:00,7492.54,7497.81,7487.54,7488.04,9548
2026-06-22T10:00:00+00:00,7488.04,7498.04,7487.8,7491.79,8216
2026-06-22T11:00:00+00:00,7491.79,7510.92,7491.55,7496.79,15063
2026-06-22T12:00:00+00:00,7496.79,7509.56,7496.79,7501.05,8729
2026-06-22T13:00:00+00:00,7501.05,7529.86,7501.05,7529.47,51574
2026-06-22T14:00:00+00:00,7529.47,7532.36,7460.34,7476.1,85994
2026-06-22T15:00:00+00:00,7476.1,7491.81,7467.290000000001,7475.06,63571.02154203235
2026-06-22T16:00:00+00:00,7475.06,7483.06,7464.790000000001,7478.790000000001,37574
2026-06-22T17:00:00+00:00,7478.790000000001,7482.06,7468.290000000001,7475.540000000001,20664
2026-06-22T18:00:00+00:00,7475.540000000001,7486.31,7464.290000000001,7465.540000000001,18042
2026-06-22T19:00:00+00:00,7465.540000000001,7478.06,7460.790000000001,7472.81,27150
2026-06-22T20:00:00+00:00,7472.81,7479.760000000001,7471.500000000001,7473.590000000001,5804
2026-06-22T22:00:00+00:00,7473.590000000001,7482.050000000001,7462.9400000000005,7465.670000000001,7654
2026-06-22T23:00:00+00:00,7465.670000000001,7466.6900000000005,7459.670000000001,7465.43,5410
2026-06-23T00:00:00+00:00,7465.43,7478.9400000000005,7455.670000000001,7473.6900000000005,21944
2026-06-23T01:00:00+00:00,7473.6900000000005,7475.9400000000005,7445.6900000000005,7455.9400000000005,24318
2026-06-23T02:00:00+00:00,7455.9400000000005,7458.4400000000005,7444.1900000000005,7446.170000000001,18351
2026-06-23T03:00:00+00:00,7446.170000000001,7447.18,7430.170000000001,7442.420000000001,17159
2026-06-23T04:00:00+00:00,7442.420000000001,7445.6900000000005,7415.420000000001,7416.790000000001,16825
2026-06-23T05:00:00+00:00,7416.790000000001,7421.68,7400.43,7402.1900000000005,21046
2026-06-23T06:00:00+00:00,7402.1900000000005,7405.920000000001,7378.170000000001,7380.68,25663
2026-06-23T07:00:00+00:00,7380.68,7389.1900000000005,7361.920000000001,7367.040000000001,28196
2026-06-23T08:00:00+00:00,7367.040000000001,7372.1900000000005,7355.43,7364.050000000001,36751
2026-06-23T09:00:00+00:00,7364.050000000001,7379.6900000000005,7362.920000000001,7377.920000000001,21862
2026-06-23T10:00:00+00:00,7377.920000000001,7383.1900000000005,7360.920000000001,7370.170000000001,19196
2026-06-23T11:00:00+00:00,7370.170000000001,7387.1900000000005,7366.170000000001,7384.43,24497
2026-06-23T12:00:00+00:00,7384.43,7388.050000000001,7361.170000000001,7366.18,22048
2026-06-23T13:00:00+00:00,7366.18,7399.990000000001,7348.720000000001,7398.9800000000005,88286
2026-06-23T14:00:00+00:00,7398.9800000000005,7424.740000000001,7393.470000000001,7398.340000000001,90783
2026-06-23T15:00:00+00:00,7398.340000000001,7402.240000000001,7369.470000000001,7387.35,61153
2026-06-23T16:00:00+00:00,7387.35,7408.740000000001,7386.220000000001,7403.220000000001,33715
2026-06-23T17:00:00+00:00,7403.220000000001,7409.990000000001,7386.1900000000005,7386.720000000001,31948
2026-06-23T18:00:00+00:00,7386.720000000001,7394.990000000001,7362.470000000001,7369.740000000001,30601
2026-06-23T19:00:00+00:00,7369.740000000001,7386.490000000001,7366.490000000001,7368.490000000001,58612
2026-06-23T20:00:00+00:00,7368.490000000001,7380.1900000000005,7365.210000000001,7379.27,7932
2026-06-23T22:00:00+00:00,7379.27,7386.89,7363.64,7369.380000000001,10289
2026-06-23T23:00:00+00:00,7369.380000000001,7385.39,7354.870000000001,7381.500000000001,13635
2026-06-24T00:00:00+00:00,7381.500000000001,7394.14,7377.870000000001,7388.000000000001,28695
2026-06-24T01:00:00+00:00,7388.000000000001,7389.14,7376.870000000001,7385.620000000001,23553
2026-06-24T02:00:00+00:00,7385.620000000001,7387.750000000001,7364.260000000001,7364.380000000001,16631
2026-06-24T03:00:00+00:00,7364.380000000001,7386.380000000001,7361.410000000001,7382.380000000001,21403
2026-06-24T04:00:00+00:00,7382.380000000001,7385.880000000001,7369.370000000001,7384.010000000001,15873
2026-06-24T05:00:00+00:00,7384.010000000001,7393.89,7381.870000000001,7384.880000000001,13787
2026-06-24T06:00:00+00:00,7384.880000000001,7388.380000000001,7379.620000000001,7383.380000000001,10719
2026-06-24T07:00:00+00:00,7383.380000000001,7387.370000000001,7374.120000000001,7377.250000000001,17928
2026-06-24T08:00:00+00:00,7377.250000000001,7387.64,7376.880000000001,7382.14,16839
2026-06-24T09:00:00+00:00,7382.14,7386.630000000001,7373.630000000001,7382.370000000001,11793
2026-06-24T10:00:00+00:00,7382.370000000001,7392.89,7376.870000000001,7383.370000000001,11599
2026-06-24T11:00:00+00:00,7383.370000000001,7399.39,7378.370000000001,7398.380000000001,15393
2026-06-24T12:00:00+00:00,7398.380000000001,7401.64,7382.380000000001,7385.120000000001,14727
2026-06-24T13:00:00+00:00,7385.120000000001,7406.9400000000005,7372.420000000001,7389.170000000001,84055
2026-06-24T14:00:00+00:00,7389.170000000001,7428.6900000000005,7370.920000000001,7428.18,98897
2026-06-24T15:00:00+00:00,7428.18,7431.18,7409.170000000001,7414.68,54590
2026-06-24T16:00:00+00:00,7414.68,7419.9400000000005,7385.170000000001,7387.43,44478
2026-06-24T17:00:00+00:00,7387.43,7395.6900000000005,7342.420000000001,7348.6900000000005,69600
2026-06-24T18:00:00+00:00,7348.6900000000005,7377.68,7342.920000000001,7349.920000000001,61597
2026-06-24T19:00:00+00:00,7349.920000000001,7365.93,7338.670000000001,7362.6900000000005,69334
2026-06-24T20:00:00+00:00,7362.6900000000005,7416.64,7355.89,7411.970000000001,39036
2026-06-24T22:00:00+00:00,7411.970000000001,7421.920000000001,7401.030000000001,7401.550000000001,11141
2026-06-24T23:00:00+00:00,7401.550000000001,7413.550000000001,7399.280000000001,7406.910000000001,7012
2026-06-25T00:00:00+00:00,7406.910000000001,7408.400000000001,7388.290000000001,7390.030000000001,20010
2026-06-25T01:00:00+00:00,7390.030000000001,7401.550000000001,7387.400000000001,7395.300000000001,16342
2026-06-25T02:00:00+00:00,7395.300000000001,7400.050000000001,7388.030000000001,7398.650000000001,11007
2026-06-25T03:00:00+00:00,7398.650000000001,7404.800000000001,7395.530000000001,7404.400000000001,8043
2026-06-25T04:00:00+00:00,7404.400000000001,7405.050000000001,7395.030000000001,7399.550000000001,6062
2026-06-25T05:00:00+00:00,7399.550000000001,7411.550000000001,7399.290000000001,7407.050000000001,6703
2026-06-25T06:00:00+00:00,7407.050000000001,7417.300000000001,7406.050000000001,7413.030000000001,7507
2026-06-25T07:00:00+00:00,7413.030000000001,7424.040000000001,7413.030000000001,7423.150000000001,9144
2026-06-25T08:00:00+00:00,7423.150000000001,7426.540000000001,7410.780000000001,7412.050000000001,10234
2026-06-25T09:00:00+00:00,7412.050000000001,7419.550000000001,7411.160000000001,7415.780000000001,7823
2026-06-25T10:00:00+00:00,7415.780000000001,7422.550000000001,7415.040000000001,7418.670000000001,6094
2026-06-25T11:00:00+00:00,7418.670000000001,7422.300000000001,7407.280000000001,7411.170000000001,9374
2026-06-25T12:00:00+00:00,7411.170000000001,7431.050000000001,7407.540000000001,7422.040000000001,22370
2026-06-25T13:00:00+00:00,7422.040000000001,7425.6,7325.830000000001,7328.340000000001,103889
2026-06-25T14:00:00+00:00,7328.340000000001,7410.85,7327.580000000001,7384.6,184022
2026-06-25T15:00:00+00:00,7384.6,7396.800000000001,7349.030000000002,7372.280000000002,113450.73243606454
2026-06-25T16:00:00+00:00,7372.280000000002,7393.550000000001,7344.530000000002,7354.9000000000015,77912
2026-06-25T17:00:00+00:00,7354.9000000000015,7372.550000000001,7345.300000000001,7364.1500000000015,60878
2026-06-25T18:00:00+00:00,7364.1500000000015,7391.300000000001,7343.040000000002,7369.040000000002,73995
2026-06-25T19:00:00+00:00,7369.040000000002,7369.550000000001,7343.530000000002,7363.530000000002,68587
2026-06-25T20:00:00+00:00,7363.530000000002,7389.000000000002,7362.270000000001,7368.600000000001,17041
2026-06-25T22:00:00+00:00,7368.600000000001,7371.060000000001,7351.540000000002,7360.800000000001,10781
2026-06-25T23:00:00+00:00,7360.800000000001,7389.560000000001,7352.790000000002,7359.180000000001,14371
2026-06-26T00:00:00+00:00,7359.180000000001,7370.180000000001,7354.290000000002,7356.910000000002,34427
2026-06-26T01:00:00+00:00,7356.910000000002,7363.310000000001,7330.550000000001,7335.160000000002,32200
2026-06-26T02:00:00+00:00,7335.160000000002,7337.050000000001,7302.170000000002,7306.420000000002,24699
2026-06-26T03:00:00+00:00,7306.420000000002,7319.050000000001,7292.540000000002,7318.410000000002,23847
2026-06-26T04:00:00+00:00,7318.410000000002,7320.810000000001,7301.040000000002,7303.040000000002,20752
2026-06-26T05:00:00+00:00,7303.040000000002,7318.310000000001,7299.810000000001,7307.420000000002,17943
2026-06-26T06:00:00+00:00,7307.420000000002,7345.050000000001,7304.540000000002,7339.550000000001,18046
2026-06-26T07:00:00+00:00,7339.550000000001,7349.300000000001,7330.290000000002,7346.180000000001,17432
2026-06-26T08:00:00+00:00,7346.180000000001,7350.930000000001,7317.910000000002,7323.910000000002,20009
2026-06-26T09:00:00+00:00,7323.910000000002,7331.930000000001,7315.290000000002,7320.790000000002,20438
2026-06-26T10:00:00+00:00,7320.790000000002,7324.670000000002,7312.040000000002,7321.800000000001,15271
2026-06-26T11:00:00+00:00,7321.800000000001,7330.060000000001,7313.040000000002,7320.170000000002,17673
2026-06-26T12:00:00+00:00,7320.170000000002,7339.290000000002,7315.790000000002,7319.300000000001,19712
2026-06-26T13:00:00+00:00,7319.300000000001,7341.1100000000015,7295.590000000001,7336.8200000000015,99542
2026-06-26T14:00:00+00:00,7336.8200000000015,7371.600000000001,7334.080000000002,7353.3600000000015,107349
2026-06-26T15:00:00+00:00,7353.3600000000015,7394.8600000000015,7345.090000000001,7383.090000000001,73617
2026-06-26T16:00:00+00:00,7383.090000000001,7384.6100000000015,7356.340000000001,7373.590000000001,55602
2026-06-26T17:00:00+00:00,7373.590000000001,7387.8600000000015,7363.380000000001,7365.630000000001,37870.77213727227
2026-06-26T18:00:00+00:00,7365.630000000001,7374.9000000000015,7340.630000000001,7344.390000000001,36663
2026-06-26T19:00:00+00:00,7344.390000000001,7367.390000000001,7304.600000000001,7306.6100000000015,56374
2026-06-26T20:00:00+00:00,7306.6100000000015,7357.39,7306.100000000001,7336.49,33185
2026-06-28T22:00:00+00:00,7336.49,7377.87,7336.49,7373.86,19087
2026-06-28T23:00:00+00:00,7373.86,7395.12,7372.11,7386.85,11304
2026-06-29T00:00:00+00:00,7386.85,7387.12,7361.85,7377.97,38856
2026-06-29T01:00:00+00:00,7377.97,7382.35,7366.36,7377.97,30370
2026-06-29T02:00:00+00:00,7377.97,7383.12,7360.24,7380.12,19907
2026-06-29T03:00:00+00:00,7380.12,7392.12,7373.6,7389.86,15167
2026-06-29T04:00:00+00:00,7389.86,7389.97,7379.1,7381.47,12146
2026-06-29T05:00:00+00:00,7381.47,7397.87,7378.49,7396.6,16379
2026-06-29T06:00:00+00:00,7396.6,7397.37,7383.6,7385.87,12854
2026-06-29T07:00:00+00:00,7385.87,7392.87,7376.1,7390.72,16008
2026-06-29T08:00:00+00:00,7390.72,7403.36,7389.61,7390.86,17449
2026-06-29T09:00:00+00:00,7390.86,7398.85,7386.86,7394.11,12307
2026-06-29T10:00:00+00:00,7394.11,7406.12,7392.1,7405.35,10885
2026-06-29T11:00:00+00:00,7405.35,7412.74,7397.6,7402.85,14456
2026-06-29T12:00:00+00:00,7402.85,7408.35,7394.6,7403.62,13742
2026-06-29T13:00:00+00:00,7403.62,7429.17,7384.15,7398.17,73771
2026-06-29T14:00:00+00:00,7398.17,7412.17,7348.65,7407.53,133268
2026-06-29T15:00:00+00:00,7407.53,7415.17,7392.67,7414.66,54076
2026-06-29T16:00:00+00:00,7414.66,7421.17,7409.65,7416.91,18234
2026-06-29T17:00:00+00:00,7416.91,7438.17,7416.9,7433.65,12698
2026-06-29T18:00:00+00:00,7433.65,7441.67,7430.66,7436.4,10171
2026-06-29T19:00:00+00:00,7436.4,7444.67,7431.15,7436.42,16124
2026-06-29T20:00:00+00:00,7436.42,7439.36,7430.6,7433.21,5896
2026-06-29T22:00:00+00:00,7433.21,7437.37,7430.37,7434.39,5972
2026-06-29T23:00:00+00:00,7434.39,7438.63,7431.37,7435.01,3562
2026-06-30T00:00:00+00:00,7435.01,7440.89,7421.63,7432.38,20949
2026-06-30T01:00:00+00:00,7432.38,7441.12,7423.87,7438.01,17032
2026-06-30T02:00:00+00:00,7438.01,7438.37,7427.87,7430.89,9014
2026-06-30T03:00:00+00:00,7430.89,7446.64,7429.99,7441.39,7272
2026-06-30T04:00:00+00:00,7441.39,7453.14,7441.12,7450.62,6807
2026-06-30T05:00:00+00:00,7450.62,7454.25,7443.37,7450.12,9146
2026-06-30T06:00:00+00:00,7450.12,7451.13,7441.39,7448.38,8835
2026-06-30T07:00:00+00:00,7448.38,7452.39,7440.62,7441.63,11275
2026-06-30T08:00:00+00:00,7441.63,7449.89,7433.87,7441.63,15366
2026-06-30T09:00:00+00:00,7441.63,7447.89,7438.37,7445.88,9498
2026-06-30T10:00:00+00:00,7445.88,7454.64,7443.62,7452.87,7932
2026-06-30T11:00:00+00:00,7452.87,7457.38,7448.87,7450.37,9212
2026-06-30T12:00:00+00:00,7450.37,7450.89,7431.37,7436.63,14714
2026-06-30T13:00:00+00:00,7436.63,7466.94,7432.12,7466.44,43918
2026-06-30T14:00:00+00:00,7466.44,7481.44,7455.43,7460.19,42966
2026-06-30T15:00:00+00:00,7460.19,7487.44,7459.67,7485.43,19139
2026-06-30T16:00:00+00:00,7485.43,7497.94,7485.17,7495.43,10969
2026-06-30T17:00:00+00:00,7495.43,7498.94,7488.44,7491.93,7999
2026-06-30T18:00:00+00:00,7491.93,7501.44,7490.42,7498.69,10945
2026-06-30T19:00:00+00:00,7498.69,7507.44,7484.39,7487.18,20283
2026-06-30T20:00:00+00:00,7487.18,7492.89,7478.12,7481.74,9965
2026-06-30T22:00:00+00:00,7481.74,7491.13,7480.91,7483.89,5337
2026-06-30T23:00:00+00:00,7483.89,7487.64,7482.38,7485.25,3653
2026-07-01T00:00:00+00:00,7485.25,7489.64,7482.5,7485.37,12416
2026-07-01T01:00:00+00:00,7485.37,7486.14,7472.37,7473.13,15314
2026-07-01T02:00:00+00:00,7473.13,7473.64,7458.12,7469.37,9787
2026-07-01T03:00:00+00:00,7469.37,7474.51,7466.88,7473.12,7359
2026-07-01T04:00:00+00:00,7473.12,7475.38,7467.62,7471,6198
2026-07-01T05:00:00+00:00,7471,7473.14,7466.39,7467.87,7935
2026-07-01T06:00:00+00:00,7467.87,7470.38,7462.37,7464.88,7991
2026-07-01T07:00:00+00:00,7464.88,7465.89,7450.88,7463.37,11377
2026-07-01T08:00:00+00:00,7463.37,7469.64,7459.62,7469.39,11237
2026-07-01T09:00:00+00:00,7469.39,7471.89,7462.62,7471.39,7066
2026-07-01T10:00:00+00:00,7471.39,7478.13,7466.62,7476.62,5609
2026-07-01T11:00:00+00:00,7476.62,7480.39,7470.62,7471.38,7191
2026-07-01T12:00:00+00:00,7471.38,7479.14,7465.37,7468.99,23046
2026-07-01T13:00:00+00:00,7468.99,7479.89,7446.42,7477.05,80144
2026-07-01T14:00:00+00:00,7477.05,7494.94,7473.55,7493.94,45734
2026-07-01T15:00:00+00:00,7493.94,7518.94,7492.92,7512.94,31176
2026-07-01T16:00:00+00:00,7512.94,7519.69,7497.93,7500.19,21318
2026-07-01T17:00:00+00:00,7500.19,7509.17,7495.17,7497.17,21904
2026-07-01T18:00:00+00:00,7497.17,7501.94,7489.92,7493.92,17027
2026-07-01T19:00:00+00:00,7493.92,7502.19,7476.93,7482.44,27209
2026-07-01T20:00:00+00:00,7482.44,7483.25,7466.37,7473.49,11518
2026-07-01T22:00:00+00:00,7473.49,7482.33,7473.06,7481.32,5641
2026-07-01T23:00:00+00:00,7481.32,7481.5199999999995,7470.21,7475.849999999999,5738.003937007874
2026-07-02T00:00:00+00:00,7475.849999999999,7482.98,7463.719999999999,7482.219999999999,24456
2026-07-02T01:00:00+00:00,7482.219999999999,7497.48,7480.96,7493.71,13131
2026-07-02T02:00:00+00:00,7493.71,7499.219999999999,7492.46,7498.23,8878
2026-07-02T03:00:00+00:00,7498.23,7498.98,7490.96,7495.719999999999,8797
2026-07-02T04:00:00+00:00,7495.719999999999,7497.23,7482.48,7489.46,8912
2026-07-02T05:00:00+00:00,7489.46,7495.98,7482.23,7483.73,11598
2026-07-02T06:00:00+00:00,7483.73,7485.849999999999,7467.46,7471.48,15634
2026-07-02T07:00:00+00:00,7471.48,7477.98,7461.21,7472.219999999999,18127
2026-07-02T08:00:00+00:00,7472.219999999999,7485.98,7463.469999999999,7483.219999999999,19468
2026-07-02T09:00:00+00:00,7483.219999999999,7483.48,7475.71,7478.219999999999,12447
2026-07-02T10:00:00+00:00,7478.219999999999,7485.21,7472.96,7483.849999999999,10353
2026-07-02T11:00:00+00:00,7483.849999999999,7490.71,7479.469999999999,7484.46,11900
2026-07-02T12:00:00+00:00,7484.46,7517.73,7482.21,7502.719999999999,35269
2026-07-02T13:00:00+00:00,7502.719999999999,7535.0199999999995,7492.889999999999,7529.889999999999,72424
2026-07-02T14:00:00+00:00,7529.889999999999,7534.78,7481.509999999999,7498.53,116475
2026-07-02T15:00:00+00:00,7498.53,7500.03,7461.78,7468.009999999999,104105
2026-07-02T16:00:00+00:00,7468.009999999999,7470.53,7439.2699999999995,7442.7699999999995,63289
2026-07-02T17:00:00+00:00,7442.7699999999995,7444.03,7420.78,7423.28,57901
2026-07-02T18:00:00+00:00,7423.28,7455.78,7421.259999999999,7450.28,47990
2026-07-02T19:00:00+00:00,7450.28,7475.03,7433.0199999999995,7467.5199999999995,51346
2026-07-02T20:00:00+00:00,7467.5199999999995,7468.23,7458.96,7464.179999999999,11085
2026-07-02T22:00:00+00:00,7464.179999999999,7477.98,7464.179999999999,7477.48,4480
2026-07-02T23:00:00+00:00,7477.48,7479.96,7471.46,7478.339999999999,7535
2026-07-03T00:00:00+00:00,7478.339999999999,7482.23,7469.349999999999,7472.089999999999,27288
2026-07-03T01:00:00+00:00,7472.089999999999,7492.98,7471.46,7491.46,19190
2026-07-03T02:00:00+00:00,7491.46,7495.48,7490.46,7494.719999999999,8205
2026-07-03T03:00:00+00:00,7494.719999999999,7497.48,7489.96,7496.219999999999,6634
2026-07-03T04:00:00+00:00,7496.219999999999,7499.23,7495.219999999999,7496.71,5199
2026-07-03T05:00:00+00:00,7496.71,7497.73,7492.469999999999,7496.48,6816
2026-07-03T06:00:00+00:00,7496.48,7507.23,7495.96,7500.46,6396
2026-07-03T07:00:00+00:00,7500.46,7502.73,7493.71,7493.969999999999,6425
2026-07-03T08:00:00+00:00,7493.969999999999,7495.46,7488.46,7489.469999999999,6728
2026-07-03T09:00:00+00:00,7489.469999999999,7495.23,7487.83,7490.71,5900
2026-07-03T10:00:00+00:00,7490.71,7495.98,7489.099999999999,7493.96,3716
2026-07-03T11:00:00+00:00,7493.96,7494.73,7488.719999999999,7494.46,4040
2026-07-03T12:00:00+00:00,7494.46,7498.599999999999,7491.089999999999,7494.73,4569
2026-07-03T13:00:00+00:00,7494.73,7501.28,7491.509999999999,7496.2699999999995,7696
2026-07-03T14:00:00+00:00,7496.2699999999995,7503.49,7492.219999999999,7501.98,5847.822432910172
2026-07-03T15:00:00+00:00,7501.98,7502.24,7496.219999999999,7500.719999999999,3662
2026-07-03T16:00:00+00:00,7500.719999999999,7500.99,7495.19,7498.839999999999,1990
2026-07-03T17:00:00+00:00,7498.839999999999,7503.47,7497.839999999999,7502.47,73.48732249810658
2026-07-03T18:00:00+00:00,7503.47,7503.47,7502.47,7503.47,127.06016985205035
2026-07-03T19:00:00+00:00,7502.97,7506.07,7502.370000000001,7504.57,631.6443627970431
2026-07-05T22:00:00+00:00,7499.23,7513.69,7496.43,7507.57,9308
2026-07-05T23:00:00+00:00,7507.57,7515.58,7505.68,7514.82,6404
2026-07-06T00:00:00+00:00,7514.82,7518.94,7502.06,7510.69,22528
2026-07-06T01:00:00+00:00,7510.69,7511.33,7494.82,7498.32,19341
2026-07-06T02:00:00+00:00,7498.32,7500.58,7485.31,7489.2,13836
2026-07-06T03:00:00+00:00,7489.2,7492.83,7483.06,7487.08,9831
2026-07-06T04:00:00+00:00,7487.08,7497.83,7484.68,7497.32,7773
2026-07-06T05:00:00+00:00,7497.32,7499.57,7489.83,7494.82,8811
2026-07-06T06:00:00+00:00,7494.82,7500.57,7491.31,7499.33,6491
2026-07-06T07:00:00+00:00,7499.33,7508.33,7497.31,7507.82,6585
2026-07-06T08:00:00+00:00,7507.82,7511.58,7501.31,7507.82,7947
2026-07-06T09:00:00+00:00,7507.82,7510.56,7502.31,7509.94,6358
2026-07-06T10:00:00+00:00,7509.94,7511.58,7504.2,7508.07,4714
2026-07-06T11:00:00+00:00,7508.07,7510.08,7501.06,7501.58,7310
2026-07-06T12:00:00+00:00,7501.58,7509.58,7500.32,7507.57,8730
2026-07-06T13:00:00+00:00,7507.57,7518.88,7496.68,7508.99,44296
2026-07-06T14:00:00+00:00,7508.99,7527.38,7503.75,7527.12,39828
2026-07-06T15:00:00+00:00,7527.12,7533.88,7520.36,7532.62,18934
2026-07-06T16:00:00+00:00,7532.62,7535.36,7527.86,7528.61,8816
2026-07-06T17:00:00+00:00,7528.61,7539.88,7520.11,7524.86,15623
2026-07-06T18:00:00+00:00,7524.86,7543.88,7524.86,7543.11,10276
2026-07-06T19:00:00+00:00,7543.11,7547.38,7532.86,7538.36,17234
2026-07-06T20:00:00+00:00,7538.36,7543.08,7536.31,7541.79,4859
2026-07-06T22:00:00+00:00,7541.79,7546.77,7538.5,7539.76,3341
2026-07-06T23:00:00+00:00,7539.76,7544.02,7530.25,7531.64,4468
2026-07-07T00:00:00+00:00,7531.64,7540.77,7529.25,7531.01,18090
2026-07-07T01:00:00+00:00,7531.01,7534.52,7525.02,7529.25,14901
2026-07-07T02:00:00+00:00,7529.25,7533.14,7524.51,7525.02,10409
2026-07-07T03:00:00+00:00,7525.02,7529.27,7516.51,7519.88,8679
2026-07-07T04:00:00+00:00,7519.88,7520.77,7512.5,7514.52,6740
2026-07-07T05:00:00+00:00,7514.52,7520.77,7509,7519.27,8426
2026-07-07T06:00:00+00:00,7519.27,7520.51,7512.75,7519.5,7582
2026-07-07T07:00:00+00:00,7519.5,7525.77,7517.25,7518.02,9130
2026-07-07T08:00:00+00:00,7518.02,7528.77,7517,7524.77,8688
2026-07-07T09:00:00+00:00,7524.77,7529.27,7522.25,7527.77,6821
2026-07-07T10:00:00+00:00,7527.77,7530.27,7519,7523.27,7686
2026-07-07T11:00:00+00:00,7523.27,7525.51,7518,7524.77,9585
2026-07-07T12:00:00+00:00,7524.77,7532.77,7524,7526.77,11437
2026-07-07T13:00:00+00:00,7526.77,7533.57,7506.55,7512.32,58050
2026-07-07T14:00:00+00:00,7512.32,7516.07,7475.55,7488.05,91521
2026-07-07T15:00:00+00:00,7488.05,7497.07,7477.3,7496.82,46839
2026-07-07T16:00:00+00:00,7496.82,7514.57,7495.8,7513.3,27105
2026-07-07T17:00:00+00:00,7513.3,7517.07,7507.8,7515.05,20275
2026-07-07T18:00:00+00:00,7515.05,7516.32,7497.55,7498.3,24863
2026-07-07T19:00:00+00:00,7498.3,7502.82,7482.81,7499.07,46124
2026-07-07T20:00:00+00:00,7499.07,7500.27,7492.26,7497.87,8595
2026-07-07T22:00:00+00:00,7497.87,7497.87,7484.23,7494.23,6516
2026-07-07T23:00:00+00:00,7494.23,7500,7484.73,7485.86,6785
2026-07-08T00:00:00+00:00,7485.86,7508.75,7480.24,7508.35,26284
2026-07-08T01:00:00+00:00,7508.35,7510,7497.5,7499.86,16940
2026-07-08T02:00:00+00:00,7499.86,7501.99,7493.23,7499.98,13366
2026-07-08T03:00:00+00:00,7499.98,7508.25,7499.98,7501.23,8053
2026-07-08T04:00:00+00:00,7501.23,7503,7493.98,7498.25,9807
2026-07-08T05:00:00+00:00,7498.25,7501.75,7485.62,7490.49,11639
2026-07-08T06:00:00+00:00,7490.49,7491.74,7479.49,7486.11,10098
2026-07-08T07:00:00+00:00,7486.11,7494.75,7478.98,7488.36,16319
2026-07-08T08:00:00+00:00,7488.36,7493.75,7424.25,7427.5,61759
2026-07-08T09:00:00+00:00,7427.5,7430.74,7415.25,7421.48,28467
2026-07-08T10:00:00+00:00,7421.48,7437.1,7415.74,7432.61,19346
2026-07-08T11:00:00+00:00,7432.61,7453.24,7426.48,7445.48,23286
2026-07-08T12:00:00+00:00,7445.48,7465.73,7439.48,7452.1,20279
2026-07-08T13:00:00+00:00,7452.1,7471.8,7448.76,7462.79,73733
2026-07-08T14:00:00+00:00,7462.79,7469.54,7431.03,7440.29,92532
2026-07-08T15:00:00+00:00,7440.29,7442.15,7416.3,7427.78,57604
2026-07-08T16:00:00+00:00,7427.78,7469.55,7427.53,7468.79,46461
2026-07-08T17:00:00+00:00,7468.79,7483.54,7461.5,7466.3,26102
2026-07-08T18:00:00+00:00,7466.3,7477.28,7462.28,7475.3,25867
2026-07-08T19:00:00+00:00,7475.3,7483.3,7465.29,7473.55,26939
2026-07-08T20:00:00+00:00,7473.55,7476.24,7455,7462.59,9589
2026-07-08T22:00:00+00:00,7462.59,7470.74,7462.59,7466.6,5176
2026-07-08T23:00:00+00:00,7466.6,7475.93,7463.91,7474.66,6680.9508547008545
2026-07-09T00:00:00+00:00,7474.66,7484.43,7473.16,7479.68,17607
2026-07-09T01:00:00+00:00,7479.68,7485.43,7475.41,7477.530000000001,14418
2026-07-09T02:00:00+00:00,7477.530000000001,7490.92,7474.41,7476.18,15459
2026-07-09T03:00:00+00:00,7476.18,7487.55,7472.41,7486.55,13041
2026-07-09T04:00:00+00:00,7486.55,7494.66,7482.66,7493.41,8305
2026-07-09T05:00:00+00:00,7493.41,7501.55,7483.41,7499.91,13402
2026-07-09T06:00:00+00:00,7499.91,7501.16,7494.43,7497.18,9164
2026-07-09T07:00:00+00:00,7497.18,7505.18,7495.66,7500.93,10005
2026-07-09T08:00:00+00:00,7500.93,7505.43,7489.42,7493.17,11761
2026-07-09T09:00:00+00:00,7493.17,7494.17,7481.17,7489.41,9841
2026-07-09T10:00:00+00:00,7489.41,7491.55,7474.280000000001,7481.92,10433
2026-07-09T11:00:00+00:00,7481.92,7493.93,7478.67,7490.91,13249
2026-07-09T12:00:00+00:00,7490.91,7501.92,7489.67,7492.17,14360
2026-07-09T13:00:00+00:00,7492.17,7513.97,7477.96,7508.58,36036
2026-07-09T14:00:00+00:00,7508.58,7511.9800000000005,7477.21,7509.47,65104
2026-07-09T15:00:00+00:00,7509.47,7525.4800000000005,7508.21,7521.4800000000005,20348
2026-07-09T16:00:00+00:00,7521.4800000000005,7531.7300000000005,7521.4800000000005,7527.21,8520
2026-07-09T17:00:00+00:00,7527.21,7542.7300000000005,7526.96,7538.96,7320
2026-07-09T18:00:00+00:00,7538.96,7541.4800000000005,7530.7300000000005,7532.71,7035
2026-07-09T19:00:00+00:00,7532.71,7538.4800000000005,7528.71,7538.2300000000005,11220
2026-07-09T20:00:00+00:00,7538.2300000000005,7539.43,7532.16,7533.77,3390
2026-07-09T22:00:00+00:00,7533.77,7536.92,7531.41,7534.530000000001,3580
2026-07-09T23:00:00+00:00,7534.530000000001,7539.42,7532.66,7536.400000000001,4092
2026-07-10T00:00:00+00:00,7536.400000000001,7537.42,7522.43,7528.42,13832
2026-07-10T01:00:00+00:00,7528.42,7531.42,7523.66,7527.900000000001,8245
2026-07-10T02:00:00+00:00,7527.900000000001,7534.16,7524.650000000001,7533.91,7447
2026-07-10T03:00:00+00:00,7533.91,7536.280000000001,7529.41,7531.150000000001,4088
2026-07-10T04:00:00+00:00,7531.150000000001,7532.04,7524.92,7525.41,3834
2026-07-10T05:00:00+00:00,7525.41,7527.42,7523.41,7524.150000000001,4532
2026-07-10T06:00:00+00:00,7524.150000000001,7527.17,7518.400000000001,7521.67,5624
2026-07-10T07:00:00+00:00,7521.67,7527.42,7517.42,7519.92,6681
2026-07-10T08:00:00+00:00,7519.92,7526.92,7517.400000000001,7522.150000000001,7555
2026-07-10T09:00:00+00:00,7522.150000000001,7530.17,7516.17,7528.780000000001,5923
2026-07-10T10:00:00+00:00,7528.780000000001,7538.42,7528.67,7538.150000000001,3898
2026-07-10T11:00:00+00:00,7538.150000000001,7540.04,7528.650000000001,7531.150000000001,6216
2026-07-10T12:00:00+00:00,7531.150000000001,7543.17,7524.91,7535.91,13779
2026-07-10T13:00:00+00:00,7535.91,7552.22,7534.52,7549.47,27550
2026-07-10T14:00:00+00:00,7549.47,7553.71,7504.58,7531.97,68407
2026-07-10T15:00:00+00:00,7531.97,7554.71,7526.450000000001,7548.22,42772
2026-07-10T16:00:00+00:00,7548.22,7561.72,7547.96,7560.450000000001,14718
2026-07-10T17:00:00+00:00,7560.450000000001,7564.72,7555.200000000001,7560.360000000001,7243.797801410624
2026-07-10T18:00:00+00:00,7560.360000000001,7567.88,7559.860000000001,7566.360000000001,6797
2026-07-10T19:00:00+00:00,7566.360000000001,7574.88,7565.610000000001,7568.62,9134
2026-07-10T20:00:00+00:00,7568.62,7573.99,7565.81,7573.57,2270
2026-07-12T22:00:00+00:00,7573.57,7573.57,7541,7550.22,10747
2026-07-12T23:00:00+00:00,7550.22,7550.47,7542.22,7548.49,4625
2026-07-13T00:00:00+00:00,7548.49,7564.74,7541.97,7546.48,22289
2026-07-13T01:00:00+00:00,7546.48,7548.73,7537.97,7541.49,17640
2026-07-13T02:00:00+00:00,7541.49,7543.74,7535.22,7535.48,11461
2026-07-13T03:00:00+00:00,7535.48,7536.24,7531.74,7532.47,8133
2026-07-13T04:00:00+00:00,7532.47,7532.74,7524.97,7526.72,5182
2026-07-13T05:00:00+00:00,7526.72,7533.48,7515.73,7527.47,12826
2026-07-13T06:00:00+00:00,7527.47,7533.99,7523.47,7533.49,9016
2026-07-13T07:00:00+00:00,7533.49,7540.49,7530.73,7537.22,8609
2026-07-13T08:00:00+00:00,7537.22,7548.74,7536.09,7547.85,8848
2026-07-13T09:00:00+00:00,7547.85,7553.24,7544.22,7550.99,3758
2026-07-13T10:00:00+00:00,7550.99,7551.74,7546.22,7547.23,3833
2026-07-13T11:00:00+00:00,7547.23,7553.73,7541.47,7543.49,7170
2026-07-13T12:00:00+00:00,7543.49,7547.73,7535.22,7546.23,9940
2026-07-13T13:00:00+00:00,7546.23,7559.04,7539.52,7556.79,44895
2026-07-13T14:00:00+00:00,7556.79,7559.79,7523,7547.79,69554
2026-07-13T15:00:00+00:00,7547.79,7551.04,7531.28,7532.77,26374
2026-07-13T16:00:00+00:00,7532.77,7538.54,7509.52,7519.54,30608
2026-07-13T17:00:00+00:00,7519.54,7527.29,7512.77,7513.02,21125
2026-07-13T18:00:00+00:00,7513.02,7523.14,7510.52,7516.52,18791
2026-07-13T19:00:00+00:00,7516.52,7520.54,7500.49,7512.53,22267
2026-07-13T20:00:00+00:00,7512.53,7512.97,7496.49,7503.58,5503
2026-07-13T22:00:00+00:00,7503.58,7513.61,7501.22,7502.24,6001
2026-07-13T23:00:00+00:00,7502.24,7503.98,7491.97,7503.74,8261
2026-07-14T00:00:00+00:00,7503.74,7510.97,7490.22,7508.97,39481
2026-07-14T01:00:00+00:00,7508.97,7510.72,7496.47,7498.6,21044
2026-07-14T02:00:00+00:00,7498.6,7505.11,7489.47,7490.72,15839
2026-07-14T03:00:00+00:00,7490.72,7495.11,7481.99,7494.47,14870
2026-07-14T04:00:00+00:00,7494.47,7511.74,7488.73,7510.74,11108
2026-07-14T05:00:00+00:00,7510.74,7523.99,7508.22,7518.6,9952
2026-07-14T06:00:00+00:00,7518.6,7525.49,7509.22,7509.49,7072
2026-07-14T07:00:00+00:00,7509.49,7516.23,7502.72,7509.1,16002
2026-07-14T08:00:00+00:00,7509.1,7514.72,7502.72,7504.84,15390
2026-07-14T09:00:00+00:00,7504.84,7514.24,7501.73,7507.73,10521
2026-07-14T10:00:00+00:00,7507.73,7516.24,7503.72,7507.35,10441
2026-07-14T11:00:00+00:00,7507.35,7514.72,7494.22,7505.98,21678
2026-07-14T12:00:00+00:00,7505.98,7563.99,7494.98,7529.86,32514
2026-07-14T13:00:00+00:00,7529.86,7538.54,7514.76,7533.91,57885
2026-07-14T14:00:00+00:00,7533.91,7554.04,7507.02,7538.03,80558
2026-07-14T15:00:00+00:00,7538.03,7552.04,7526.78,7530.28,42647
2026-07-14T16:00:00+00:00,7530.28,7539.54,7520.27,7539.54,25432
2026-07-14T17:00:00+00:00,7539.54,7547.04,7535.54,7543.79,10202
2026-07-14T18:00:00+00:00,7543.79,7548.79,7537.51,7542.52,10881
2026-07-14T19:00:00+00:00,7542.52,7546.29,7537.51,7540.54,16021
2026-07-14T20:00:00+00:00,7540.54,7542.74,7535.98,7541.32,3685
2026-07-14T22:00:00+00:00,7541.32,7543.2,7533.69,7539.83,3274
2026-07-14T23:00:00+00:00,7539.83,7555.08,7538.44,7553.45,4393
2026-07-15T00:00:00+00:00,7553.45,7555.46,7543.45,7552.71,9530
2026-07-15T01:00:00+00:00,7552.71,7555.21,7546.69,7555.08,9255
2026-07-15T02:00:00+00:00,7555.08,7557.95,7553.44,7553.94,3999
2026-07-15T03:00:00+00:00,7553.94,7559.21,7552.19,7557.94,3160
2026-07-15T04:00:00+00:00,7557.94,7559.21,7556.44,7559.2,2215
2026-07-15T05:00:00+00:00,7559.2,7564.19,7553.44,7559.94,7829
2026-07-15T06:00:00+00:00,7559.94,7561.69,7557.08,7558.44,4081
2026-07-15T07:00:00+00:00,7558.44,7559.96,7544.19,7555.21,7907
2026-07-15T08:00:00+00:00,7555.21,7558.21,7546.71,7557.46,7998
2026-07-15T09:00:00+00:00,7557.46,7561.46,7554.46,7555.44,3535
2026-07-15T10:00:00+00:00,7555.44,7557.46,7547.94,7552.06,5770
2026-07-15T11:00:00+00:00,7552.06,7554.71,7548.7,7550.83,6728
2026-07-15T12:00:00+00:00,7550.83,7565.46,7543.2,7562.2,12717
2026-07-15T13:00:00+00:00,7562.2,7577.01,7552.24,7565.51,34404
2026-07-15T14:00:00+00:00,7565.51,7576.76,7548.24,7555.63,67957
2026-07-15T15:00:00+00:00,7555.63,7562.26,7542.75,7547.01,43590
2026-07-15T16:00:00+00:00,7547.01,7549.01,7522.74,7537.74,35270
2026-07-15T17:00:00+00:00,7537.74,7567,7536.76,7563.25,18048
2026-07-15T18:00:00+00:00,7563.25,7570.26,7551.74,7552.51,14248.408238185608
2026-07-15T19:00:00+00:00,7552.51,7568.5,7551.01,7567.51,24216
2026-07-15T20:00:00+00:00,7567.51,7570.06,7559.21,7566.79,3551
2026-07-15T22:00:00+00:00,7566.79,7573.82,7564.96,7569.95,3938
2026-07-15T23:00:00+00:00,7569.95,7573.46,7567.19,7567.96,3509
2026-07-16T00:00:00+00:00,7567.96,7579.21,7565.94,7568.21,15265
2026-07-16T01:00:00+00:00,7568.21,7570.46,7561.94,7566.19,13079
2026-07-16T02:00:00+00:00,7566.19,7575.21,7562.46,7574.19,7320
2026-07-16T03:00:00+00:00,7574.19,7576.71,7572.44,7575.96,5347
2026-07-16T04:00:00+00:00,7575.96,7577.96,7572.19,7573.44,3625
2026-07-16T05:00:00+00:00,7573.44,7583.46,7566.94,7568.69,7587
2026-07-16T06:00:00+00:00,7568.69,7576.45,7562.71,7569.95,9646
2026-07-16T07:00:00+00:00,7569.95,7570.46,7551.69,7553.21,8698
2026-07-16T08:00:00+00:00,7553.21,7561.71,7545.19,7561.21,9963
2026-07-16T09:00:00+00:00,7561.21,7566.96,7556.44,7556.7,6311
2026-07-16T10:00:00+00:00,7556.7,7559.45,7552.44,7554.46,6869
2026-07-16T11:00:00+00:00,7554.46,7554.96,7532.21,7548.71,14507
2026-07-16T12:00:00+00:00,7548.71,7550.46,7532.06,7538.21,14004
2026-07-16T13:00:00+00:00,7538.21,7555.75,7526.99,7539.5,47309
2026-07-16T14:00:00+00:00,7539.5,7566.51,7536.75,7562.76,45273
2026-07-16T15:00:00+00:00,7562.76,7565.26,7550.24,7556.49,30584
2026-07-16T16:00:00+00:00,7556.49,7557.01,7534.74,7549.74,29510
2026-07-16T17:00:00+00:00,7549.74,7550.26,7531.24,7534.01,20247
2026-07-16T18:00:00+00:00,7534.01,7538.01,7519.86,7522.99,23549
2026-07-16T19:00:00+00:00,7522.99,7531.25,7499.99,7529,28136
2026-07-16T20:00:00+00:00,7529,7529.33,7517.94,7520.8,7589
2026-07-16T22:00:00+00:00,7520.8,7527.38,7516.11,7518.37,4483
2026-07-16T23:00:00+00:00,7518.37,7519.5,7509.36,7512.99,5211
2026-07-17T00:00:00+00:00,7512.99,7516.13,7498.62,7504.61,15617
2026-07-17T01:00:00+00:00,7504.61,7508.63,7487.86,7490.49,14147
2026-07-17T02:00:00+00:00,7490.49,7491.88,7478.11,7482.63,6586
2026-07-17T03:00:00+00:00,7482.63,7493.74,7476.86,7476.86,6266
2026-07-17T04:00:00+00:00,7476.86,7477.13,7460.9,7466.38,10112
2026-07-17T05:00:00+00:00,7466.38,7468.25,7455.62,7463.63,10175
2026-07-17T06:00:00+00:00,7463.63,7475.88,7461.36,7464.5,10742
2026-07-17T07:00:00+00:00,7464.5,7471.38,7462.36,7464.11,14865
2026-07-17T08:00:00+00:00,7464.11,7469.37,7443.63,7451.99,23018
2026-07-17T09:00:00+00:00,7451.99,7463.13,7449.11,7462.63,13122
2026-07-17T10:00:00+00:00,7462.63,7474.38,7459.38,7470.63,11248
2026-07-17T11:00:00+00:00,7470.63,7474.38,7461.87,7471.38,11061
2026-07-17T12:00:00+00:00,7471.38,7472,7455.11,7456.87,12117
2026-07-17T13:00:00+00:00,7456.87,7466.66,7425.66,7466.18,58672
2026-07-17T14:00:00+00:00,7466.18,7491.43,7464.91,7468.67,69479
2026-07-17T15:00:00+00:00,7468.67,7488.93,7457.42,7486.92,55365
2026-07-17T16:00:00+00:00,7486.92,7491.17,7466.17,7481.68,39345
2026-07-17T17:00:00+00:00,7481.68,7490.42,7461.41,7463.67,28831.41844681314
2026-07-17T18:00:00+00:00,7463.67,7469.43,7448.41,7461.41,34993
2026-07-17T19:00:00+00:00,7461.41,7462.67,7439.16,7449.43,48943
2026-07-17T20:00:00+00:00,7449.43,7450.37,7436.88,7448.97,11307
2026-07-19T22:00:00+00:00,7448.97,7458.83,7438.56,7452.33,14334
2026-07-19T23:00:00+00:00,7452.33,7461.69,7447.56,7460.7,9361
2026-07-20T00:00:00+00:00,7460.7,7473.82,7453.31,7459.81,19721
2026-07-20T01:00:00+00:00,7459.81,7468.08,7446.56,7451.08,21127
2026-07-20T02:00:00+00:00,7451.08,7467.2,7450.08,7462.07,16034
2026-07-20T03:00:00+00:00,7462.07,7466.81,7457.57,7462.08,12243
2026-07-20T04:00:00+00:00,7462.08,7471.58,7455.57,7465.57,10284
2026-07-20T05:00:00+00:00,7465.57,7466.7,7450.56,7452.57,11693
2026-07-20T06:00:00+00:00,7452.57,7456.07,7447.56,7453.57,9955
2026-07-20T07:00:00+00:00,7453.57,7475.81,7453.18,7472.32,17379
2026-07-20T08:00:00+00:00,7472.32,7478.08,7468.56,7470.56,11689
2026-07-20T09:00:00+00:00,7470.56,7483.83,7467.33,7478.06,8922
2026-07-20T10:00:00+00:00,7478.06,7480.58,7473.31,7478.31,7757
2026-07-20T11:00:00+00:00,7478.31,7501.83,7477.08,7492.08,18895
2026-07-20T12:00:00+00:00,7492.08,7492.56,7477.56,7483.56,15882
2026-07-20T13:00:00+00:00,7483.56,7508.37,7475.61,7476.88,29955
2026-07-20T14:00:00+00:00,7476.88,7483.75,7457.86,7461.61,54576
2026-07-20T15:00:00+00:00,7461.61,7484.63,7458.5,7480.12,36345
2026-07-20T16:00:00+00:00,7480.12,7490.38,7466.12,7470.11,25625
2026-07-20T17:00:00+00:00,7470.11,7472.38,7455.86,7465.62,19466
2026-07-20T18:00:00+00:00,7465.62,7474.13,7444.23,7447,22139
2026-07-20T19:00:00+00:00,7447,7453.63,7434.86,7442.11,31083
2026-07-20T20:00:00+00:00,7442.11,7449.32,7433.32,7439.93,5083
2026-07-20T22:00:00+00:00,7439.93,7443.08,7430.57,7432.83,4241
2026-07-20T23:00:00+00:00,7432.83,7448.33,7432.18,7442.56,6012
2026-07-21T00:00:00+00:00,7442.56,7453.2,7431.32,7449.56,22545
2026-07-21T01:00:00+00:00,7449.56,7456.83,7446.82,7450.18,12817
2026-07-21T02:00:00+00:00,7450.18,7459.33,7446.06,7459.08,8279
2026-07-21T03:00:00+00:00,7459.08,7470.43,7459.07,7470.2,3630
2026-07-21T04:00:00+00:00,7470.2,7474.07,7470.06,7471.69,4152
2026-07-21T05:00:00+00:00,7471.69,7480.2,7467.56,7478.31,5634
2026-07-21T06:00:00+00:00,7478.31,7484.82,7475.31,7481.31,5838
2026-07-21T07:00:00+00:00,7481.31,7485.32,7471.32,7475.32,7135
2026-07-21T08:00:00+00:00,7475.32,7483.06,7473.31,7480.82,7948
2026-07-21T09:00:00+00:00,7480.82,7485.58,7478.83,7479.94,4841
2026-07-21T10:00:00+00:00,7479.94,7486.08,7477.31,7479.58,8594
2026-07-21T11:00:00+00:00,7479.58,7481.08,7470.44,7472.31,7185
2026-07-21T12:00:00+00:00,7472.31,7478.45,7463.32,7473.08,10562
2026-07-21T13:00:00+00:00,7473.08,7487.61,7462.12,7473.87,34911
2026-07-21T14:00:00+00:00,7473.87,7493.48,7468.23,7488.63,39333
2026-07-21T15:00:00+00:00,7488.63,7501.38,7479.12,7496.12,16731
2026-07-21T16:00:00+00:00,7496.12,7511.38,7495.62,7507.86,6977
2026-07-21T17:00:00+00:00,7507.86,7509.87,7502.86,7506.61,6101
2026-07-21T18:00:00+00:00,7506.61,7508.13,7499.86,7504.37,5425
2026-07-21T19:00:00+00:00,7504.37,7506.87,7500.88,7503.63,9705
2026-07-21T20:00:00+00:00,7503.63,7504.33,7498.07,7500.18,2462
2026-07-21T22:00:00+00:00,7500.18,7503.73,7496.72,7498.98,3126
2026-07-21T23:00:00+00:00,7498.98,7502.24,7497.97,7501.49,3304
2026-07-22T00:00:00+00:00,7501.49,7505.23,7496.22,7500.24,14201
2026-07-22T01:00:00+00:00,7500.24,7502.73,7492.72,7499.23,9178
2026-07-22T02:00:00+00:00,7499.23,7501.47,7494.73,7499.61,8402
2026-07-22T03:00:00+00:00,7499.61,7502.99,7492.72,7493.73,8023
2026-07-22T04:00:00+00:00,7493.73,7497.74,7492.48,7496.74,5297
2026-07-22T05:00:00+00:00,7496.74,7497.24,7490.47,7494.73,9432
2026-07-22T06:00:00+00:00,7494.73,7494.99,7479.47,7480.97,7156
2026-07-22T07:00:00+00:00,7480.97,7485.11,7470.47,7474.49,12302
2026-07-22T08:00:00+00:00,7474.49,7484.74,7473.24,7483.48,12784
2026-07-22T09:00:00+00:00,7483.48,7489.99,7478.84,7484.72,7512
2026-07-22T10:00:00+00:00,7484.72,7491.23,7482.72,7488.49,9422
2026-07-22T11:00:00+00:00,7488.49,7488.59,7469.97,7475.59,11729
2026-07-22T12:00:00+00:00,7475.59,7481.48,7462.76,7472.97,12864
2026-07-22T13:00:00+00:00,7472.97,7508.29,7472.97,7508.29,23170
2026-07-22T14:00:00+00:00,7508.29,7514.54,7487.29,7500.28,31565
2026-07-22T15:00:00+00:00,7500.28,7518.52,7499.77,7518.52,14573
2026-07-22T16:00:00+00:00,7518.52,7521.29,7515.79,7519.52,7844
2026-07-22T17:00:00+00:00,7519.52,7520.78,7504.52,7506.02,8954
2026-07-22T18:00:00+00:00,7506.02,7508.04,7500.78,7505.28,8776
2026-07-22T19:00:00+00:00,7505.28,7505.54,7494.52,7494.54,12867
2026-07-22T20:00:00+00:00,7494.54,7512.11,7490.35,7499.34,21221
2026-07-22T22:00:00+00:00,7499.34,7499.34,7475.19,7481.58,6523
2026-07-22T23:00:00+00:00,7481.58,7489.59,7476.32,7489.59,4538
2026-07-23T00:00:00+00:00,7489.59,7508.59,7486.95,7505.84,12600
2026-07-23T01:00:00+00:00,7505.84,7508.83,7497.59,7497.83,12258
2026-07-23T02:00:00+00:00,7497.83,7500.84,7486.07,7490.09,10645
2026-07-23T03:00:00+00:00,7490.09,7490.59,7480.08,7486.08,8857
2026-07-23T04:00:00+00:00,7486.08,7492.84,7480.58,7486.57,8655
2026-07-23T05:00:00+00:00,7486.57,7494.7,7480.57,7481.84,9122
2026-07-23T06:00:00+00:00,7481.84,7485.84,7478.57,7478.94,7579
2026-07-23T07:00:00+00:00,7478.94,7479.32,7454.58,7463.59,18535
2026-07-23T08:00:00+00:00,7463.59,7478.59,7457.94,7477.83,13729
2026-07-23T09:00:00+00:00,7477.83,7484.82,7468.57,7470.34,9261
2026-07-23T10:00:00+00:00,7470.34,7483.09,7467.69,7479.57,10254
2026-07-23T11:00:00+00:00,7479.57,7480.94,7449.32,7459.33,16003
2026-07-23T12:00:00+00:00,7459.33,7460.59,7421.57,7425.07,22673
2026-07-23T13:00:00+00:00,7425.07,7445.51,7404.38,7415.14,47428
2026-07-23T14:00:00+00:00,7415.14,7428.89,7399.39,7402.87,80690
2026-07-23T15:00:00+00:00,7402.87,7404.39,7371.14,7397.64,47462
2026-07-23T16:00:00+00:00,7397.64,7416.63,7394.63,7406.12,35921
2026-07-23T17:00:00+00:00,7406.12,7411.25,7390.87,7391.38,38347
2026-07-23T18:00:00+00:00,7391.38,7396.88,7386.13,7390.38,26405
2026-07-23T19:00:00+00:00,7390.38,7406.87,7377.89,7402.14,30466
2026-07-23T20:00:00+00:00,7402.14,7417.34,7402.14,7415.17,15851
2026-07-23T22:00:00+00:00,7415.17,7415.17,7402.68,7412.93,6223
2026-07-23T23:00:00+00:00,7412.93,7413.41,7403.93,7408.53,6563
2026-07-24T00:00:00+00:00,7408.53,7416.43,7403.17,7413.91,19870
2026-07-24T01:00:00+00:00,7413.91,7418.68,7409.91,7410.42,15653
2026-07-24T02:00:00+00:00,7410.42,7412.93,7398.92,7398.92,11838
2026-07-24T03:00:00+00:00,7398.92,7403.43,7396.41,7396.93,11389
2026-07-24T04:00:00+00:00,7396.93,7404.18,7394.91,7402.93,9415
2026-07-24T05:00:00+00:00,7402.93,7409.68,7400.92,7401.67,10516
2026-07-24T06:00:00+00:00,7401.67,7406.92,7393.41,7402.16,10823
2026-07-24T07:00:00+00:00,7402.16,7422.68,7401.53,7415.92,14456
2026-07-24T08:00:00+00:00,7415.92,7421.43,7408.78,7416.92,14174
2026-07-24T09:00:00+00:00,7416.92,7426.92,7415.78,7425.43,9961
2026-07-24T10:00:00+00:00,7425.43,7426.43,7417.55,7417.93,7193
2026-07-24T11:00:00+00:00,7417.93,7428.05,7412.78,7424.67,13409
2026-07-24T12:00:00+00:00,7424.67,7427.18,7408.67,7409.66,15306
2026-07-24T13:00:00+00:00,7409.66,7416.72,7392.23,7393.09,45547
2026-07-24T14:00:00+00:00,7393.09,7425.23,7391.09,7424.71,70385
2026-07-24T15:00:00+00:00,7424.71,7451.46,7414.46,7449.22,57822
2026-07-24T16:00:00+00:00,7449.22,7455.97,7425.97,7433.21,32094
2026-07-24T17:00:00+00:00,7433.21,7440.23,7420.96,7428.47,29328
2026-07-24T18:00:00+00:00,7428.47,7431.48,7395.21,7402.71,33905
2026-07-24T19:00:00+00:00,7402.71,7409.71,7391.96,7407.58,36856
2026-07-24T20:00:00+00:00,7407.58,7409.43,7398.91,7404.01,7710
2026-07-26T22:00:00+00:00,7404.01,7469.99,7404.01,7453.36,7033
2026-07-26T23:00:00+00:00,7453.36,7473.63,7452.63,7472.62,6229
2026-07-27T00:00:00+00:00,7472.62,7473.37,7453.87,7454.11,17184
2026-07-27T01:00:00+00:00,7454.11,7460.88,7448.61,7459.61,14856
2026-07-27T02:00:00+00:00,7459.61,7463.87,7457.36,7460.86,9384
2026-07-27T03:00:00+00:00,7460.86,7464.88,7459.36,7461.13,6616
2026-07-27T04:00:00+00:00,7461.13,7468.38,7460.37,7466.13,6337
2026-07-27T05:00:00+00:00,7466.13,7476.63,7465.61,7475.87,4899
2026-07-27T06:00:00+00:00,7475.87,7481.38,7472.23,7473.13,6359
2026-07-27T07:00:00+00:00,7473.13,7478.73,7467.11,7467.36,10714
2026-07-27T08:00:00+00:00,7467.36,7481.38,7467.11,7480.63,11107
2026-07-27T09:00:00+00:00,7480.63,7486.12,7477.87,7483.61,5871
2026-07-27T10:00:00+00:00,7483.61,7485.88,7479.86,7483.37,4716
2026-07-27T11:00:00+00:00,7483.37,7483.62,7469.87,7473.38,8668
2026-07-27T12:00:00+00:00,7473.38,7476.63,7466.13,7474.88,11254
2026-07-27T13:00:00+00:00,7474.88,7476.62,7435.41,7435.41,52833
2026-07-27T14:00:00+00:00,7435.41,7440.66,7384.91,7417.18,99735
2026-07-27T15:00:00+00:00,7417.18,7423.29,7382.91,7394.41,69938
2026-07-27T16:00:00+00:00,7394.41,7416.53,7385.91,7389.67,57325
2026-07-27T17:00:00+00:00,7389.67,7397.93,7377.93,7397.66,39382
2026-07-27T18:00:00+00:00,7397.66,7411.93,7385.66,7410.16,37046
2026-07-27T19:00:00+00:00,7410.16,7418.18,7404.41,7410.91,30911
2026-07-27T20:00:00+00:00,7410.91,7417.87,7406.61,7414.97,5849
2026-07-27T22:00:00+00:00,7414.97,7418.29,7406.53,7406.9,3731
2026-07-27T23:00:00+00:00,7406.9,7412.42,7402.53,7410.29,6379
2026-07-28T00:00:00+00:00,7410.29,7414.28,7396.78,7399.55,24655
2026-07-28T01:00:00+00:00,7399.55,7406.05,7387.28,7396.78,20636
2026-07-28T02:00:00+00:00,7396.78,7398.05,7389.28,7392.79,14523
2026-07-28T03:00:00+00:00,7392.79,7404.3,7386.54,7402.65,18099
2026-07-28T04:00:00+00:00,7402.65,7402.65,7388.78,7389.67,11782
2026-07-28T05:00:00+00:00,7389.67,7393.8,7381.28,7383.28,11506
2026-07-28T06:00:00+00:00,7383.28,7393.29,7381.78,7392.03,16038
2026-07-28T07:00:00+00:00,7392.03,7401.04,7391.53,7395.66,18880
2026-07-28T08:00:00+00:00,7395.66,7411.4,7387.9,7404.28,23969
2026-07-28T09:00:00+00:00,7404.28,7408.3,7400.53,7402.04,11896
2026-07-28T10:00:00+00:00,7402.04,7406.78,7396.28,7404.66,15325
2026-07-28T11:00:00+00:00,7404.66,7414.79,7395.03,7413.41,26534
2026-07-28T12:00:00+00:00,7413.41,7425.91,7411.03,7418.92,18970
2026-07-28T13:00:00+00:00,7418.92,7424.55,7379.83,7384.47,67680
2026-07-28T14:00:00+00:00,7384.47,7417.85,7382.58,7406.33,99785
2026-07-28T15:00:00+00:00,7406.33,7444.35,7400.08,7442.1,55185
2026-07-28T16:00:00+00:00,7442.1,7448.09,7429.34,7446.33,28492
2026-07-28T17:00:00+00:00,7446.33,7448.09,7425.34,7432.09,30659
2026-07-28T18:00:00+00:00,7432.09,7436.35,7424.58,7434.85,26558
2026-07-28T19:00:00+00:00,7434.85,7440.09,7425.34,7429.08,25679
2026-07-28T20:00:00+00:00,7429.08,7436.53,7421.15,7430.25,11679
2026-07-28T22:00:00+00:00,7430.25,7437.54,7414.04,7415.29,11685
2026-07-28T23:00:00+00:00,7415.29,7458.55,7413.03,7458.04,18271
2026-07-29T00:00:00+00:00,7458.04,7463.92,7448.78,7450.04,25645
2026-07-29T01:00:00+00:00,7450.04,7452.54,7418.53,7418.78,29676
2026-07-29T02:00:00+00:00,7418.78,7432.05,7416.54,7426.78,25007
2026-07-29T03:00:00+00:00,7426.78,7431.42,7408.55,7410.92,17367
2026-07-29T04:00:00+00:00,7410.92,7414.05,7402.04,7414.05,24767
2026-07-29T05:00:00+00:00,7414.05,7426.05,7412.03,7421.03,18795
2026-07-29T06:00:00+00:00,7421.03,7443.05,7414.79,7442.15,17787
2026-07-29T07:00:00+00:00,7442.15,7448.29,7438.28,7444.79,17394
2026-07-29T08:00:00+00:00,7444.79,7449.15,7432.53,7444.16,20346
2026-07-29T09:00:00+00:00,7444.16,7455.79,7441.03,7449.53,16118
2026-07-29T10:00:00+00:00,7449.53,7452.55,7440.03,7441.4,15887
2026-07-29T11:00:00+00:00,7441.4,7448.53,7440.15,7444.8,14350
2026-07-29T12:00:00+00:00,7444.8,7445.3,7419.28,7427.28,24056
2026-07-29T13:00:00+00:00,7427.28,7428.55,7386.08,7393.71,68908
2026-07-29T14:00:00+00:00,7393.71,7403.47,7358.08,7367.85,95128
2026-07-29T15:00:00+00:00,7367.85,7376.35,7349.84,7356.96,64697
2026-07-29T16:00:00+00:00,7356.96,7368.35,7337.08,7368.35,46459
2026-07-29T17:00:00+00:00,7368.35,7392.34,7366.84,7382.57,45471
2026-07-29T18:00:00+00:00,7382.57,7446.35,7379.35,7439.2,118871
2026-07-29T19:00:00+00:00,7439.2,7445.6,7310.33,7312.58,134598
2026-07-29T20:00:00+00:00,7312.58,7319.06,7288.03,7299.27,41899
2026-07-29T22:00:00+00:00,7299.27,7340.73,7296.1,7334.74,15689
2026-07-29T23:00:00+00:00,7334.74,7347.25,7334.6,7343.23,13434
2026-07-30T00:00:00+00:00,7343.23,7352.74,7332.74,7340.75,37326
2026-07-30T01:00:00+00:00,7340.75,7357.25,7339.23,7353.6,25046
2026-07-30T02:00:00+00:00,7353.6,7357.5,7342.62,7342.98,17075
2026-07-30T03:00:00+00:00,7342.98,7348.75,7334.49,7339.74,18769
2026-07-30T04:00:00+00:00,7339.74,7343.99,7331.23,7332.5,17528
2026-07-30T05:00:00+00:00,7332.5,7341.87,7326.98,7333.5,18565
2026-07-30T06:00:00+00:00,7333.5,7334,7323.24,7328.74,17246
2026-07-30T07:00:00+00:00,7328.74,7347,7319,7324.5,33057
2026-07-30T08:00:00+00:00,7324.5,7344.38,7316.48,7338.13,24432
2026-07-30T09:00:00+00:00,7338.13,7353.39,7336.62,7339.990000000001,17330
2026-07-30T10:00:00+00:00,7339.990000000001,7357.64,7337.14,7350.490000000001,19249
2026-07-30T11:00:00+00:00,7350.490000000001,7367.39,7350.490000000001,7365.14,17443
2026-07-30T12:00:00+00:00,7365.14,7371.240000000001,7358.38,7364.14,25176
2026-07-30T13:00:00+00:00,7364.14,7405.4400000000005,7363.37,7405.1900000000005,60499
2026-07-30T14:00:00+00:00,7405.1900000000005,7411.9400000000005,7374.43,7380.68,69937
2026-07-30T15:00:00+00:00,7380.68,7395.18,7364.68,7390.17,71406
2026-07-30T16:00:00+00:00,7390.17,7411.17,7387.4400000000005,7409.42,38081
2026-07-30T17:00:00+00:00,7409.42,7423.1900000000005,7409.3,7417.17,25935
2026-07-30T18:00:00+00:00,7417.17,7427.6900000000005,7416.42,7426.93,17937
2026-07-30T19:00:00+00:00,7426.93,7443.9400000000005,7426.93,7436.6900000000005,30075
2026-07-30T20:00:00+00:00,7436.6900000000005,7461.89,7433.76,7440.35,25947
2026-07-30T22:00:00+00:00,7440.35,7451.42,7434.17,7450.650000000001,8521
2026-07-30T23:00:00+00:00,7450.650000000001,7457.67,7446.400000000001,7453.900000000001,6503
2026-07-31T00:00:00+00:00,7453.900000000001,7463.910000000001,7450.660000000001,7461.17,14316
2026-07-31T01:00:00+00:00,7461.17,7470.42,7460.400000000001,7463.900000000001,9863
2026-07-31T02:00:00+00:00,7463.900000000001,7466.42,7454.650000000001,7459.17,7516
2026-07-31T03:00:00+00:00,7459.17,7464.77,7454.650000000001,7462.910000000001,9341
2026-07-31T04:00:00+00:00,7462.910000000001,7475.42,7458.410000000001,7474.92,5853
2026-07-31T05:00:00+00:00,7474.92,7476.650000000001,7471.660000000001,7474.410000000001,5219
2026-07-31T06:00:00+00:00,7474.410000000001,7477.02,7458.160000000001,7462.42,10740
2026-07-31T07:00:00+00:00,7462.42,7474.67,7459.150000000001,7472.660000000001,16441
2026-07-31T08:00:00+00:00,7472.660000000001,7479.92,7468.900000000001,7478.910000000001,16004
2026-07-31T09:00:00+00:00,7478.910000000001,7483.67,7469.92,7470.160000000001,11980
2026-07-31T10:00:00+00:00,7470.160000000001,7478.17,7468.400000000001,7472.650000000001,10594
2026-07-31T11:00:00+00:00,7472.650000000001,7477.42,7460.52,7465.410000000001,16547
2026-07-31T12:00:00+00:00,7465.410000000001,7465.660000000001,7445.900000000001,7449.17,16305
2026-07-31T13:00:00+00:00,7449.17,7481.22,7432.950000000001,7436.59,60450
2026-07-31T14:00:00+00:00,7436.59,7446.96,7393.950000000001,7442.96,99179
2026-07-31T15:00:00+00:00,7442.96,7450.97,7415.72,7448.72,76347
2026-07-31T16:00:00+00:00,7448.72,7467.46,7442.21,7463.72,43912
2026-07-31T17:00:00+00:00,7463.72,7482.72,7462.700000000001,7471.97,25417
2026-07-31T18:00:00+00:00,7471.97,7482.71,7470.450000000001,7478.96,20767
2026-07-31T19:00:00+00:00,7478.96,7506.97,7475.450000000001,7485.22,31432
2026-07-31T20:00:00+00:00,7485.22,7492.910000000001,7481.77,7483.37,10887
